math_enjoyment,programming_enjoyment,ui_design_enjoyment,logic_problem_solving,data_preference,cloud_infra_enjoyment,cybersecurity_enjoyment,statistics_comfort,debugging_enjoyment,build_vs_analyze,learning_time_commitment,programming_experience_level,education_background,work_style_preference,career_archetype,target_career
3.2,4.3,4.6,4.3,1.0,2.6,1.4,2.0,3.8,build_systems,10_to_20_hrs,basics,high_school,logic_architecture,creative_visual,frontend
2.3,4.3,3.9,3.5,2.7,2.7,1.5,1.9,4.0,build_systems,under_5_hrs,intermediate,cs_degree,visual_creative,creative_visual,frontend
1.8,4.9,4.6,4.3,1.6,2.4,2.6,1.6,3.0,build_user_facing,10_to_20_hrs,intermediate,self_taught,visual_creative,creative_visual,frontend
2.6,5.0,4.7,3.0,2.4,1.8,1.3,1.6,2.9,build_systems,5_to_10_hrs,intermediate,self_taught,visual_creative,balanced_generalist,frontend
1.8,4.9,4.3,3.5,2.2,1.5,3.0,1.5,4.4,build_user_facing,10_to_20_hrs,none,high_school,visual_creative,creative_visual,frontend
1.0,4.3,4.6,3.7,1.6,2.6,1.3,1.5,3.2,build_user_facing,10_to_20_hrs,basics,self_taught,logic_architecture,creative_visual,frontend
1.3,3.9,5.0,2.8,2.3,2.7,2.3,1.0,3.6,build_user_facing,20_plus_hrs,none,cs_degree,visual_creative,creative_visual,frontend
1.6,4.2,4.3,3.8,2.0,1.5,2.8,1.0,3.4,build_systems,under_5_hrs,basics,cs_degree,visual_creative,creative_visual,frontend
3.1,4.0,4.6,3.7,2.2,1.2,2.2,1.9,3.7,build_user_facing,10_to_20_hrs,basics,high_school,visual_creative,creative_visual,frontend
2.3,4.6,4.4,3.9,2.2,1.9,2.3,1.3,4.2,build_user_facing,5_to_10_hrs,intermediate,self_taught,visual_creative,creative_visual,frontend
2.6,4.5,4.7,3.6,1.7,1.5,2.3,1.0,4.3,build_systems,under_5_hrs,advanced,self_taught,visual_creative,creative_visual,frontend
2.7,3.8,4.4,3.3,2.4,3.7,1.6,2.8,4.1,build_user_facing,10_to_20_hrs,intermediate,cs_degree,visual_creative,creative_visual,frontend
1.9,4.3,4.4,3.3,1.9,1.5,3.8,1.0,3.5,build_user_facing,5_to_10_hrs,intermediate,high_school,visual_creative,creative_visual,frontend
2.5,4.4,4.2,3.7,1.8,2.4,1.3,1.8,4.7,build_user_facing,under_5_hrs,none,self_taught,visual_creative,creative_visual,frontend
2.7,4.6,4.5,3.1,4.0,1.4,1.0,3.0,4.1,build_user_facing,20_plus_hrs,intermediate,cs_degree,visual_creative,creative_visual,frontend
1.6,3.6,4.8,3.9,2.0,1.1,2.9,1.5,4.8,build_user_facing,10_to_20_hrs,none,non_cs_degree,logic_architecture,creative_visual,frontend
3.1,4.9,4.8,4.4,2.8,3.2,2.3,2.6,3.4,build_user_facing,10_to_20_hrs,basics,cs_degree,logic_architecture,balanced_generalist,frontend
1.0,4.4,4.3,4.0,3.5,2.4,2.7,1.4,3.3,build_user_facing,under_5_hrs,advanced,high_school,logic_architecture,balanced_generalist,frontend
2.0,3.6,4.2,4.5,1.3,2.6,3.0,3.1,3.0,build_user_facing,20_plus_hrs,advanced,non_cs_degree,visual_creative,creative_visual,frontend
2.1,4.8,4.9,3.3,2.6,1.6,2.2,2.6,3.8,build_user_facing,under_5_hrs,advanced,cs_degree,visual_creative,balanced_generalist,frontend
2.4,4.0,3.9,3.5,2.3,2.3,1.8,2.5,4.0,build_user_facing,20_plus_hrs,intermediate,non_cs_degree,logic_architecture,creative_visual,frontend
1.5,4.4,4.3,4.3,2.3,1.7,3.0,3.5,3.7,build_user_facing,under_5_hrs,advanced,non_cs_degree,visual_creative,balanced_generalist,frontend
2.2,4.0,4.6,4.0,2.1,2.3,1.2,3.3,2.7,build_systems,10_to_20_hrs,intermediate,non_cs_degree,logic_architecture,balanced_generalist,frontend
2.6,4.3,4.5,3.8,1.4,1.3,1.0,2.3,3.1,build_user_facing,5_to_10_hrs,advanced,cs_degree,visual_creative,creative_visual,frontend
1.3,4.3,4.5,3.2,2.8,1.9,1.6,1.0,4.0,build_user_facing,20_plus_hrs,basics,cs_degree,visual_creative,creative_visual,frontend
1.8,4.6,4.6,3.2,1.0,2.3,1.8,1.7,4.3,build_user_facing,20_plus_hrs,intermediate,self_taught,visual_creative,balanced_generalist,frontend
2.4,4.3,4.6,3.6,1.4,2.3,1.0,2.1,3.4,build_user_facing,5_to_10_hrs,basics,self_taught,logic_architecture,creative_visual,frontend
2.1,5.0,4.7,4.2,2.0,1.0,1.6,1.0,3.3,build_user_facing,under_5_hrs,none,self_taught,logic_architecture,creative_visual,frontend
2.6,5.0,4.7,3.5,1.8,1.0,2.9,2.3,3.4,build_systems,10_to_20_hrs,none,cs_degree,logic_architecture,creative_visual,frontend
1.8,5.0,5.0,2.9,1.8,1.6,2.3,2.9,4.2,build_systems,5_to_10_hrs,none,cs_degree,visual_creative,creative_visual,frontend
2.9,4.0,4.2,3.5,1.1,1.5,2.2,2.6,3.6,build_user_facing,20_plus_hrs,advanced,non_cs_degree,logic_architecture,creative_visual,frontend
4.9,4.6,4.5,4.7,3.2,2.5,1.9,2.3,3.6,build_user_facing,10_to_20_hrs,basics,cs_degree,logic_architecture,creative_visual,frontend
3.3,4.0,4.7,3.3,2.2,1.7,2.2,1.7,4.3,build_user_facing,10_to_20_hrs,none,self_taught,logic_architecture,balanced_generalist,frontend
3.1,3.6,4.8,4.2,3.1,1.0,1.2,1.0,2.5,build_user_facing,10_to_20_hrs,none,high_school,logic_architecture,balanced_generalist,frontend
1.5,4.6,4.6,3.9,1.5,2.0,2.1,1.7,3.8,build_systems,under_5_hrs,intermediate,high_school,logic_architecture,creative_visual,frontend
2.5,4.4,4.8,3.8,2.0,1.8,2.0,1.4,3.7,build_user_facing,under_5_hrs,none,self_taught,logic_architecture,creative_visual,frontend
2.5,4.2,4.3,2.8,1.9,2.1,1.6,1.2,3.7,build_user_facing,10_to_20_hrs,none,self_taught,visual_creative,creative_visual,frontend
2.3,4.1,4.5,4.0,1.2,1.4,3.0,1.7,3.2,build_user_facing,under_5_hrs,basics,cs_degree,visual_creative,creative_visual,frontend
2.3,4.1,4.3,3.1,1.7,2.0,1.7,2.1,3.7,build_user_facing,5_to_10_hrs,advanced,cs_degree,logic_architecture,balanced_generalist,frontend
2.3,4.4,4.1,3.8,1.3,1.3,1.5,2.2,3.4,build_systems,5_to_10_hrs,intermediate,high_school,visual_creative,creative_visual,frontend
1.7,4.2,5.0,4.2,1.8,1.9,1.8,1.0,3.8,build_user_facing,20_plus_hrs,none,non_cs_degree,visual_creative,balanced_generalist,frontend
3.2,4.7,4.6,3.7,2.8,1.8,1.1,3.1,5.0,build_user_facing,under_5_hrs,none,self_taught,visual_creative,balanced_generalist,frontend
1.6,3.7,4.9,4.5,3.1,1.6,2.6,2.5,3.1,build_user_facing,20_plus_hrs,intermediate,cs_degree,visual_creative,balanced_generalist,frontend
2.2,5.0,4.1,4.3,2.2,2.5,2.1,1.7,3.7,build_systems,20_plus_hrs,intermediate,cs_degree,visual_creative,creative_visual,frontend
2.6,4.7,3.6,3.1,3.2,3.1,1.1,2.5,4.2,build_systems,5_to_10_hrs,intermediate,self_taught,visual_creative,creative_visual,frontend
1.7,3.7,4.7,4.2,2.3,1.9,2.4,2.2,3.3,build_user_facing,10_to_20_hrs,intermediate,cs_degree,visual_creative,creative_visual,frontend
2.4,4.4,4.7,2.9,2.8,1.9,2.3,2.4,4.0,build_user_facing,under_5_hrs,none,non_cs_degree,visual_creative,balanced_generalist,frontend
2.7,4.4,4.6,2.9,2.3,2.2,1.7,3.2,4.5,build_systems,under_5_hrs,intermediate,cs_degree,visual_creative,creative_visual,frontend
2.7,4.4,4.7,3.5,2.0,2.1,1.8,2.5,3.3,build_systems,5_to_10_hrs,advanced,cs_degree,visual_creative,creative_visual,frontend
1.0,4.4,4.3,4.4,1.7,2.7,1.4,2.5,3.2,build_systems,under_5_hrs,intermediate,high_school,visual_creative,balanced_generalist,frontend
2.0,4.4,4.2,3.6,2.6,2.2,2.2,1.7,4.1,build_user_facing,under_5_hrs,basics,cs_degree,visual_creative,creative_visual,frontend
1.7,4.2,4.3,3.4,1.5,1.5,3.2,1.8,4.7,build_user_facing,10_to_20_hrs,none,non_cs_degree,visual_creative,balanced_generalist,frontend
2.4,3.7,4.7,4.3,1.0,1.4,2.3,2.3,2.8,build_user_facing,10_to_20_hrs,intermediate,non_cs_degree,visual_creative,balanced_generalist,frontend
1.0,2.8,4.1,4.1,3.0,1.7,3.0,2.6,3.3,build_user_facing,under_5_hrs,basics,self_taught,visual_creative,creative_visual,frontend
1.7,4.3,4.3,3.8,2.4,1.7,2.2,1.9,4.3,build_user_facing,5_to_10_hrs,intermediate,high_school,visual_creative,creative_visual,frontend
2.7,4.5,4.2,4.3,1.0,2.0,1.6,3.1,2.6,build_user_facing,under_5_hrs,intermediate,non_cs_degree,logic_architecture,creative_visual,frontend
2.0,4.6,4.4,3.8,1.3,1.8,2.3,2.7,4.5,build_user_facing,under_5_hrs,intermediate,high_school,logic_architecture,creative_visual,frontend
2.9,4.6,4.6,4.0,1.9,2.4,2.8,2.1,3.5,build_user_facing,10_to_20_hrs,none,cs_degree,visual_creative,creative_visual,frontend
1.6,4.4,4.8,4.0,3.7,1.9,1.4,1.5,4.5,build_user_facing,5_to_10_hrs,advanced,non_cs_degree,visual_creative,balanced_generalist,frontend
1.4,4.5,3.9,3.6,1.5,2.0,1.2,2.0,4.1,build_user_facing,20_plus_hrs,none,self_taught,visual_creative,creative_visual,frontend
2.3,4.3,4.8,2.9,2.3,1.4,1.6,2.3,2.9,build_systems,20_plus_hrs,intermediate,non_cs_degree,visual_creative,creative_visual,frontend
2.5,3.9,4.4,3.8,1.6,1.0,1.6,1.3,3.3,build_user_facing,20_plus_hrs,intermediate,non_cs_degree,visual_creative,balanced_generalist,frontend
1.8,3.8,4.1,3.1,2.1,1.3,2.3,1.8,2.6,build_user_facing,20_plus_hrs,basics,non_cs_degree,logic_architecture,creative_visual,frontend
1.2,4.7,4.7,3.3,2.5,1.8,2.4,2.9,3.1,build_user_facing,under_5_hrs,basics,non_cs_degree,logic_architecture,creative_visual,frontend
1.6,4.1,4.9,3.8,2.8,1.0,2.0,1.6,3.8,build_user_facing,20_plus_hrs,basics,cs_degree,visual_creative,balanced_generalist,frontend
2.9,4.6,4.6,3.6,2.1,2.8,1.7,1.4,4.0,build_systems,10_to_20_hrs,intermediate,self_taught,logic_architecture,creative_visual,frontend
1.0,3.8,4.3,3.7,1.7,3.3,2.7,1.4,3.5,build_user_facing,20_plus_hrs,basics,non_cs_degree,visual_creative,creative_visual,frontend
3.0,4.1,4.7,3.8,1.3,1.8,1.6,1.2,3.2,build_user_facing,10_to_20_hrs,basics,high_school,visual_creative,creative_visual,frontend
1.3,3.6,4.2,3.3,1.6,2.1,1.1,2.2,3.6,build_user_facing,under_5_hrs,basics,cs_degree,visual_creative,creative_visual,frontend
2.5,4.4,4.4,4.1,1.9,1.7,1.2,1.9,4.7,build_systems,under_5_hrs,basics,self_taught,visual_creative,balanced_generalist,frontend
2.8,5.0,4.7,3.6,1.2,2.9,3.7,2.2,4.4,build_user_facing,5_to_10_hrs,basics,high_school,visual_creative,balanced_generalist,frontend
2.3,3.4,4.3,4.2,2.2,1.5,2.2,1.8,4.9,build_systems,under_5_hrs,basics,self_taught,visual_creative,creative_visual,frontend
2.6,3.8,4.0,3.6,2.1,2.0,1.0,1.1,2.9,build_user_facing,5_to_10_hrs,intermediate,self_taught,visual_creative,balanced_generalist,frontend
2.9,4.3,4.3,3.5,1.1,2.4,2.3,3.8,3.6,build_user_facing,5_to_10_hrs,intermediate,self_taught,visual_creative,balanced_generalist,frontend
2.6,4.6,4.3,3.4,1.0,3.0,1.1,2.0,3.8,build_systems,5_to_10_hrs,intermediate,self_taught,visual_creative,creative_visual,frontend
1.6,4.5,3.8,3.6,2.1,1.0,1.6,1.4,4.0,build_user_facing,5_to_10_hrs,basics,self_taught,visual_creative,creative_visual,frontend
3.3,4.3,4.8,3.8,2.3,1.6,2.5,2.3,4.7,build_user_facing,under_5_hrs,none,cs_degree,visual_creative,creative_visual,frontend
3.0,2.9,4.5,3.9,1.5,2.9,1.9,2.7,3.6,build_user_facing,20_plus_hrs,advanced,self_taught,logic_architecture,creative_visual,frontend
2.4,3.7,4.3,3.7,1.6,2.1,3.3,2.7,3.9,build_systems,10_to_20_hrs,advanced,self_taught,visual_creative,balanced_generalist,frontend
3.4,4.5,4.6,3.4,2.6,1.1,2.3,1.8,3.6,build_user_facing,5_to_10_hrs,basics,high_school,logic_architecture,balanced_generalist,frontend
3.5,3.1,4.9,3.9,1.6,1.2,1.9,3.1,4.1,build_user_facing,20_plus_hrs,intermediate,cs_degree,visual_creative,balanced_generalist,frontend
1.5,3.7,4.6,4.0,2.0,1.9,1.3,1.6,3.6,build_user_facing,20_plus_hrs,basics,high_school,logic_architecture,balanced_generalist,frontend
1.5,4.4,4.4,4.8,2.1,1.3,2.6,1.9,3.8,build_user_facing,20_plus_hrs,basics,self_taught,visual_creative,creative_visual,frontend
1.6,3.7,4.5,3.5,2.2,2.1,1.0,2.6,2.9,build_user_facing,20_plus_hrs,advanced,high_school,visual_creative,balanced_generalist,frontend
2.1,3.7,4.0,4.6,1.6,1.3,1.8,2.9,4.2,build_user_facing,under_5_hrs,intermediate,non_cs_degree,logic_architecture,creative_visual,frontend
1.4,4.7,4.4,4.4,1.8,2.8,1.5,1.0,3.7,build_user_facing,20_plus_hrs,basics,non_cs_degree,visual_creative,balanced_generalist,frontend
1.5,4.5,4.2,4.1,3.5,2.3,1.9,1.6,3.8,build_systems,10_to_20_hrs,intermediate,self_taught,visual_creative,creative_visual,frontend
2.7,3.5,4.6,2.8,1.4,1.9,3.0,2.0,4.0,build_user_facing,5_to_10_hrs,advanced,non_cs_degree,visual_creative,balanced_generalist,frontend
2.8,3.9,4.6,3.9,2.2,1.7,3.0,1.2,3.7,build_user_facing,10_to_20_hrs,intermediate,self_taught,visual_creative,balanced_generalist,frontend
1.0,3.4,4.5,3.5,2.0,1.9,2.4,1.9,3.4,build_user_facing,10_to_20_hrs,intermediate,non_cs_degree,visual_creative,balanced_generalist,frontend
3.0,3.1,5.0,3.9,2.4,2.8,2.2,2.0,3.7,build_user_facing,5_to_10_hrs,basics,self_taught,logic_architecture,balanced_generalist,frontend
2.4,3.8,5.0,3.9,2.1,1.5,1.7,2.0,4.1,build_user_facing,10_to_20_hrs,none,non_cs_degree,logic_architecture,creative_visual,frontend
2.9,3.9,4.6,4.7,1.0,1.8,2.6,2.4,4.2,build_systems,10_to_20_hrs,advanced,non_cs_degree,logic_architecture,creative_visual,frontend
1.7,3.6,4.6,3.3,1.7,2.5,3.0,1.0,3.9,build_user_facing,20_plus_hrs,none,cs_degree,visual_creative,balanced_generalist,frontend
2.4,3.6,4.3,2.9,2.9,2.2,1.0,2.2,3.8,build_user_facing,5_to_10_hrs,advanced,self_taught,logic_architecture,balanced_generalist,frontend
3.0,5.0,4.7,3.6,2.2,2.1,2.6,1.9,3.8,build_systems,5_to_10_hrs,none,cs_degree,logic_architecture,balanced_generalist,frontend
2.8,3.6,4.1,4.2,1.5,2.5,1.6,3.4,3.3,build_systems,10_to_20_hrs,intermediate,high_school,visual_creative,creative_visual,frontend
3.1,5.0,4.7,2.6,2.0,1.8,1.3,2.4,3.4,build_systems,10_to_20_hrs,basics,high_school,visual_creative,creative_visual,frontend
3.2,4.2,4.3,4.2,1.4,2.3,1.9,2.5,4.0,build_user_facing,5_to_10_hrs,advanced,high_school,visual_creative,creative_visual,frontend
2.6,4.0,4.8,3.5,2.0,1.9,2.1,1.5,4.7,build_user_facing,5_to_10_hrs,advanced,high_school,logic_architecture,balanced_generalist,frontend
1.4,5.0,4.8,2.9,1.7,2.1,1.0,3.2,3.7,build_systems,5_to_10_hrs,intermediate,self_taught,visual_creative,creative_visual,frontend
1.9,5.0,4.0,3.7,2.9,1.2,1.4,2.1,3.9,build_user_facing,5_to_10_hrs,advanced,cs_degree,logic_architecture,creative_visual,frontend
1.6,4.6,4.2,3.7,1.7,1.7,1.9,2.4,3.9,build_systems,10_to_20_hrs,intermediate,cs_degree,logic_architecture,creative_visual,frontend
1.7,3.3,4.6,2.8,2.1,3.5,1.2,2.2,4.2,build_user_facing,20_plus_hrs,basics,self_taught,visual_creative,creative_visual,frontend
1.0,3.7,4.4,3.8,2.2,2.3,1.2,2.1,5.0,build_user_facing,20_plus_hrs,advanced,non_cs_degree,visual_creative,creative_visual,frontend
2.4,3.3,4.4,4.3,1.7,2.0,2.5,1.0,4.4,build_systems,5_to_10_hrs,intermediate,cs_degree,visual_creative,creative_visual,frontend
3.3,4.6,4.5,4.3,2.4,2.9,1.3,2.5,3.5,build_user_facing,10_to_20_hrs,none,non_cs_degree,visual_creative,creative_visual,frontend
1.7,4.5,4.5,2.6,1.0,1.0,2.3,1.0,4.2,build_user_facing,10_to_20_hrs,none,high_school,logic_architecture,creative_visual,frontend
2.5,4.0,4.5,4.1,1.8,2.0,2.6,1.8,3.9,build_user_facing,10_to_20_hrs,advanced,non_cs_degree,logic_architecture,creative_visual,frontend
1.6,4.6,4.5,3.7,2.6,1.9,1.3,2.0,4.4,build_user_facing,10_to_20_hrs,advanced,cs_degree,visual_creative,creative_visual,frontend
3.2,3.2,4.3,4.1,1.6,2.0,1.0,1.2,3.4,build_systems,under_5_hrs,intermediate,high_school,visual_creative,creative_visual,frontend
2.0,4.2,4.8,4.0,2.0,1.1,1.9,2.0,3.4,build_systems,20_plus_hrs,none,self_taught,visual_creative,creative_visual,frontend
3.6,3.3,4.7,3.1,2.7,1.5,2.5,1.0,3.7,build_systems,10_to_20_hrs,intermediate,high_school,visual_creative,balanced_generalist,frontend
1.5,4.6,4.1,4.7,1.3,1.2,1.9,2.3,3.9,build_user_facing,10_to_20_hrs,none,self_taught,visual_creative,creative_visual,frontend
2.2,4.2,5.0,3.4,1.3,3.0,1.2,2.7,3.9,build_systems,10_to_20_hrs,intermediate,high_school,visual_creative,balanced_generalist,frontend
1.0,4.2,4.7,3.2,1.5,1.4,1.7,1.7,3.9,build_user_facing,20_plus_hrs,basics,self_taught,visual_creative,creative_visual,frontend
2.7,4.1,4.4,3.3,2.3,1.5,2.4,2.5,4.0,build_user_facing,10_to_20_hrs,advanced,non_cs_degree,visual_creative,balanced_generalist,frontend
2.9,4.7,4.2,3.6,1.1,1.0,1.7,1.6,3.9,build_systems,10_to_20_hrs,none,non_cs_degree,visual_creative,creative_visual,frontend
1.5,3.8,4.7,5.0,1.0,2.9,2.0,1.0,4.6,build_user_facing,20_plus_hrs,basics,cs_degree,logic_architecture,creative_visual,frontend
1.4,4.4,4.5,3.5,2.5,1.0,2.7,2.4,4.3,build_systems,10_to_20_hrs,advanced,non_cs_degree,visual_creative,balanced_generalist,frontend
2.2,4.1,4.3,4.1,2.5,2.8,2.3,1.0,3.9,build_user_facing,under_5_hrs,intermediate,non_cs_degree,visual_creative,creative_visual,frontend
1.6,3.9,4.7,3.9,1.3,2.5,3.2,2.1,3.7,build_user_facing,under_5_hrs,advanced,high_school,visual_creative,creative_visual,frontend
1.4,4.2,4.8,3.9,1.1,1.4,1.3,2.6,3.4,build_user_facing,5_to_10_hrs,none,cs_degree,visual_creative,creative_visual,frontend
1.3,3.7,4.1,3.7,1.6,1.1,1.3,2.8,3.8,build_user_facing,10_to_20_hrs,advanced,cs_degree,visual_creative,balanced_generalist,frontend
1.6,5.0,4.4,3.7,2.1,2.3,2.2,3.5,4.0,build_systems,10_to_20_hrs,basics,high_school,logic_architecture,balanced_generalist,frontend
3.0,3.7,4.2,3.6,2.4,1.4,2.9,1.0,4.2,build_systems,20_plus_hrs,none,non_cs_degree,visual_creative,creative_visual,frontend
2.6,4.0,4.3,3.2,1.8,2.2,2.6,2.2,4.0,build_user_facing,20_plus_hrs,intermediate,non_cs_degree,visual_creative,creative_visual,frontend
1.4,4.4,4.4,4.2,1.7,2.4,2.4,2.7,3.8,build_user_facing,10_to_20_hrs,intermediate,non_cs_degree,visual_creative,balanced_generalist,frontend
3.1,4.7,4.4,4.2,3.1,1.1,2.1,1.5,3.2,build_user_facing,5_to_10_hrs,basics,non_cs_degree,visual_creative,balanced_generalist,frontend
1.1,3.8,4.4,3.7,1.6,1.3,2.0,2.4,3.1,build_user_facing,10_to_20_hrs,basics,self_taught,visual_creative,creative_visual,frontend
2.4,4.4,5.0,4.2,1.5,1.5,2.4,1.7,3.3,build_systems,20_plus_hrs,intermediate,cs_degree,logic_architecture,balanced_generalist,frontend
2.2,4.5,4.6,4.3,2.1,1.0,1.3,3.0,3.6,build_systems,under_5_hrs,none,non_cs_degree,visual_creative,balanced_generalist,frontend
1.6,4.1,4.6,4.1,2.2,1.2,1.8,2.0,2.9,build_user_facing,20_plus_hrs,advanced,non_cs_degree,visual_creative,creative_visual,frontend
1.6,4.6,4.9,3.7,1.3,2.3,1.7,2.0,2.8,build_systems,10_to_20_hrs,none,cs_degree,visual_creative,balanced_generalist,frontend
2.6,4.5,4.5,3.2,1.8,2.2,1.4,1.6,4.5,build_systems,20_plus_hrs,none,high_school,visual_creative,creative_visual,frontend
2.8,4.0,4.3,3.5,1.7,1.6,2.5,2.6,3.4,build_user_facing,5_to_10_hrs,none,cs_degree,visual_creative,balanced_generalist,frontend
2.1,3.6,4.8,2.8,2.9,2.4,2.8,2.5,3.7,build_user_facing,5_to_10_hrs,advanced,self_taught,logic_architecture,creative_visual,frontend
2.4,4.6,4.0,3.0,2.3,2.8,2.9,1.0,3.4,build_user_facing,under_5_hrs,intermediate,self_taught,visual_creative,creative_visual,frontend
2.0,4.8,4.5,3.5,2.9,2.0,2.1,1.5,3.9,build_systems,5_to_10_hrs,intermediate,non_cs_degree,logic_architecture,creative_visual,frontend
3.6,3.2,4.1,3.7,1.7,1.5,1.4,2.4,3.6,build_systems,5_to_10_hrs,intermediate,cs_degree,logic_architecture,balanced_generalist,frontend
1.2,4.0,3.9,3.8,2.4,2.1,2.6,1.8,2.6,build_user_facing,20_plus_hrs,basics,high_school,visual_creative,creative_visual,frontend
2.3,4.4,5.0,3.0,2.9,1.9,2.6,1.3,3.8,build_user_facing,under_5_hrs,basics,high_school,logic_architecture,creative_visual,frontend
1.7,3.3,4.4,3.6,1.8,1.8,2.8,1.3,3.5,build_systems,under_5_hrs,basics,cs_degree,visual_creative,creative_visual,frontend
2.8,5.0,4.2,3.5,1.5,2.4,2.3,3.2,3.5,build_user_facing,20_plus_hrs,advanced,high_school,visual_creative,creative_visual,frontend
2.2,3.9,4.7,3.9,2.8,1.6,2.4,2.6,3.9,build_user_facing,5_to_10_hrs,advanced,non_cs_degree,logic_architecture,creative_visual,frontend
2.2,4.2,4.4,3.7,1.0,1.8,2.4,2.4,3.8,build_systems,10_to_20_hrs,intermediate,high_school,visual_creative,creative_visual,frontend
3.2,4.3,4.7,3.8,2.0,1.3,1.4,3.2,4.2,build_user_facing,5_to_10_hrs,advanced,non_cs_degree,visual_creative,balanced_generalist,frontend
2.7,4.3,4.9,3.4,2.2,1.6,3.1,2.2,4.3,build_user_facing,20_plus_hrs,advanced,cs_degree,visual_creative,creative_visual,frontend
2.8,4.8,4.1,4.0,1.7,2.5,2.2,1.9,4.3,build_user_facing,under_5_hrs,intermediate,self_taught,visual_creative,balanced_generalist,frontend
1.7,4.7,4.6,3.5,1.4,3.0,1.0,1.0,3.6,build_user_facing,10_to_20_hrs,basics,high_school,logic_architecture,creative_visual,frontend
3.1,3.8,5.0,3.7,2.4,1.6,2.5,1.4,3.4,build_systems,under_5_hrs,basics,non_cs_degree,visual_creative,creative_visual,frontend
2.8,5.0,4.1,3.8,2.2,1.9,1.9,2.4,4.5,build_systems,under_5_hrs,advanced,self_taught,logic_architecture,creative_visual,frontend
2.5,4.3,4.5,3.6,1.4,1.7,1.6,1.0,4.7,build_systems,10_to_20_hrs,basics,self_taught,visual_creative,creative_visual,frontend
2.1,4.2,4.9,4.4,1.0,1.0,2.6,2.6,3.3,build_user_facing,under_5_hrs,basics,high_school,visual_creative,balanced_generalist,frontend
2.0,4.5,4.4,3.9,1.8,2.2,1.5,2.8,4.1,build_user_facing,10_to_20_hrs,none,high_school,logic_architecture,creative_visual,frontend
2.1,3.7,4.7,3.6,1.4,2.0,1.0,2.2,2.9,build_user_facing,20_plus_hrs,intermediate,self_taught,visual_creative,creative_visual,frontend
1.0,4.3,4.9,3.8,2.3,2.0,1.8,1.2,3.1,build_systems,under_5_hrs,advanced,non_cs_degree,visual_creative,creative_visual,frontend
2.5,3.9,4.9,4.3,1.8,1.2,2.2,1.0,3.7,build_systems,20_plus_hrs,advanced,cs_degree,visual_creative,creative_visual,frontend
2.5,4.4,4.1,3.7,1.9,2.6,3.3,2.6,3.7,build_user_facing,5_to_10_hrs,none,non_cs_degree,visual_creative,creative_visual,frontend
3.1,5.0,4.8,3.7,2.8,1.0,1.2,2.3,3.8,build_user_facing,5_to_10_hrs,none,high_school,logic_architecture,creative_visual,frontend
2.0,4.6,2.0,4.4,3.9,3.8,3.1,3.6,4.3,build_systems,20_plus_hrs,basics,cs_degree,systems_reliability,technical_engineering,backend
3.7,4.8,1.9,4.1,4.0,3.8,4.1,3.3,4.2,build_user_facing,10_to_20_hrs,advanced,self_taught,logic_architecture,technical_engineering,backend
3.8,4.9,2.0,4.4,3.1,2.4,3.7,3.6,4.4,build_systems,under_5_hrs,none,cs_degree,systems_reliability,technical_engineering,backend
3.3,4.6,1.8,4.6,4.5,2.9,2.7,3.3,4.2,build_systems,20_plus_hrs,advanced,high_school,logic_architecture,balanced_generalist,backend
2.8,4.8,1.8,5.0,3.8,4.5,3.2,4.2,3.6,build_systems,10_to_20_hrs,none,high_school,systems_reliability,technical_engineering,backend
3.9,4.9,2.6,4.7,3.9,3.2,3.9,3.0,4.0,build_systems,5_to_10_hrs,none,self_taught,logic_architecture,technical_engineering,backend
2.9,4.9,1.1,5.0,4.3,3.9,2.9,3.2,4.7,build_systems,under_5_hrs,intermediate,cs_degree,logic_architecture,technical_engineering,backend
3.7,4.4,1.5,4.6,3.6,4.6,3.2,4.2,4.3,build_systems,under_5_hrs,none,cs_degree,logic_architecture,technical_engineering,backend
3.8,4.5,1.5,4.8,3.5,3.1,3.3,3.4,5.0,build_systems,20_plus_hrs,advanced,cs_degree,logic_architecture,technical_engineering,backend
3.3,4.2,2.0,4.0,3.9,3.9,3.6,2.8,4.0,build_systems,5_to_10_hrs,advanced,self_taught,systems_reliability,technical_engineering,backend
2.6,4.2,1.0,4.1,4.6,3.5,4.1,2.5,5.0,build_user_facing,5_to_10_hrs,none,cs_degree,logic_architecture,technical_engineering,backend
2.8,4.2,2.3,4.0,3.5,4.2,3.9,3.2,4.0,build_systems,5_to_10_hrs,basics,non_cs_degree,logic_architecture,balanced_generalist,backend
3.9,4.6,2.3,4.6,3.3,2.4,2.8,4.2,4.5,build_systems,under_5_hrs,none,non_cs_degree,logic_architecture,technical_engineering,backend
3.6,4.8,1.3,4.3,3.4,3.1,3.5,2.4,5.0,build_systems,under_5_hrs,advanced,high_school,logic_architecture,balanced_generalist,backend
4.2,4.7,1.7,4.2,4.3,3.8,2.2,2.6,3.8,build_user_facing,5_to_10_hrs,intermediate,non_cs_degree,logic_architecture,technical_engineering,backend
4.7,4.4,2.1,5.0,4.8,3.0,3.3,2.8,3.7,build_systems,10_to_20_hrs,advanced,cs_degree,logic_architecture,technical_engineering,backend
3.6,3.8,1.7,4.7,3.1,4.2,3.6,3.3,3.5,build_systems,5_to_10_hrs,advanced,self_taught,logic_architecture,technical_engineering,backend
3.9,4.2,1.1,4.8,3.7,4.2,3.7,1.6,4.4,build_systems,5_to_10_hrs,intermediate,non_cs_degree,logic_architecture,balanced_generalist,backend
4.5,5.0,2.3,5.0,3.1,3.6,3.0,2.9,5.0,build_systems,10_to_20_hrs,none,cs_degree,systems_reliability,technical_engineering,backend
3.3,4.5,2.0,5.0,4.1,3.2,3.5,4.2,4.1,build_systems,5_to_10_hrs,intermediate,non_cs_degree,systems_reliability,balanced_generalist,backend
4.2,3.8,1.1,4.4,3.5,4.3,2.6,3.2,4.6,build_systems,under_5_hrs,basics,cs_degree,logic_architecture,balanced_generalist,backend
5.0,3.9,1.3,5.0,3.3,2.8,3.2,2.6,5.0,build_systems,20_plus_hrs,basics,cs_degree,logic_architecture,technical_engineering,backend
2.5,4.5,2.4,3.8,3.5,3.1,3.3,3.0,5.0,build_systems,10_to_20_hrs,advanced,cs_degree,logic_architecture,balanced_generalist,backend
4.1,5.0,2.1,4.4,3.6,3.7,3.8,3.0,4.3,build_systems,20_plus_hrs,intermediate,non_cs_degree,logic_architecture,technical_engineering,backend
2.5,4.4,1.8,4.7,3.8,4.2,2.8,2.9,4.5,build_systems,under_5_hrs,advanced,self_taught,logic_architecture,technical_engineering,backend
2.5,4.9,1.9,4.7,4.1,3.6,3.0,3.8,3.3,build_user_facing,10_to_20_hrs,none,non_cs_degree,logic_architecture,technical_engineering,backend
1.8,4.6,1.0,4.3,3.3,4.2,3.2,2.4,3.9,build_systems,5_to_10_hrs,none,high_school,logic_architecture,technical_engineering,backend
4.2,5.0,1.0,4.6,3.9,3.9,3.4,3.7,3.8,build_user_facing,under_5_hrs,basics,self_taught,logic_architecture,technical_engineering,backend
3.2,4.5,2.2,4.7,3.6,3.7,3.7,3.5,4.6,build_user_facing,20_plus_hrs,advanced,self_taught,logic_architecture,balanced_generalist,backend
2.4,4.7,1.7,4.3,3.8,4.4,3.5,3.7,4.9,build_systems,5_to_10_hrs,intermediate,self_taught,logic_architecture,balanced_generalist,backend
4.2,4.5,1.2,5.0,3.0,3.7,4.0,3.5,4.8,build_user_facing,10_to_20_hrs,basics,non_cs_degree,logic_architecture,technical_engineering,backend
3.4,4.6,1.9,4.9,4.2,3.3,3.1,4.0,4.4,build_user_facing,20_plus_hrs,advanced,non_cs_degree,logic_architecture,technical_engineering,backend
3.1,3.7,1.9,4.1,3.5,3.6,3.9,3.0,3.8,build_systems,5_to_10_hrs,intermediate,high_school,logic_architecture,balanced_generalist,backend
3.9,5.0,1.9,4.7,3.7,4.1,3.2,1.6,4.0,build_systems,10_to_20_hrs,basics,self_taught,logic_architecture,technical_engineering,backend
2.7,4.3,1.0,4.4,2.8,3.3,3.5,3.3,3.8,build_systems,10_to_20_hrs,intermediate,cs_degree,systems_reliability,balanced_generalist,backend
3.2,4.6,1.9,4.2,4.0,4.8,2.9,3.5,3.7,build_systems,10_to_20_hrs,advanced,non_cs_degree,logic_architecture,balanced_generalist,backend
2.6,5.0,1.0,3.8,3.4,3.1,3.8,3.4,4.0,build_systems,10_to_20_hrs,intermediate,non_cs_degree,systems_reliability,balanced_generalist,backend
3.0,5.0,1.0,5.0,3.1,2.8,2.7,3.5,5.0,build_user_facing,under_5_hrs,advanced,non_cs_degree,logic_architecture,technical_engineering,backend
3.6,4.7,1.8,4.4,4.0,4.2,4.3,1.9,4.2,build_user_facing,under_5_hrs,none,non_cs_degree,logic_architecture,technical_engineering,backend
2.5,4.8,1.9,5.0,3.6,2.9,2.9,2.5,4.3,build_systems,20_plus_hrs,basics,non_cs_degree,logic_architecture,technical_engineering,backend
3.0,4.6,2.1,4.6,3.6,3.7,3.1,2.4,3.8,build_systems,20_plus_hrs,none,cs_degree,systems_reliability,technical_engineering,backend
4.0,4.0,1.8,4.0,4.1,3.1,3.0,3.1,4.6,build_systems,20_plus_hrs,intermediate,non_cs_degree,systems_reliability,technical_engineering,backend
3.8,4.5,1.0,4.4,4.3,4.5,3.7,2.7,4.9,build_systems,10_to_20_hrs,none,high_school,systems_reliability,technical_engineering,backend
3.3,4.6,1.5,4.4,2.9,4.0,3.0,2.8,3.7,build_systems,5_to_10_hrs,basics,self_taught,logic_architecture,technical_engineering,backend
3.3,4.3,2.4,4.4,3.7,4.2,3.1,2.5,4.4,build_systems,5_to_10_hrs,intermediate,high_school,logic_architecture,balanced_generalist,backend
3.4,4.7,1.5,4.1,3.1,3.5,3.9,3.2,3.6,build_systems,5_to_10_hrs,basics,cs_degree,logic_architecture,technical_engineering,backend
3.8,5.0,1.5,4.0,4.3,4.4,3.2,2.8,3.5,build_systems,10_to_20_hrs,intermediate,cs_degree,systems_reliability,technical_engineering,backend
1.8,4.4,1.6,4.7,3.0,4.0,3.7,3.8,4.3,build_user_facing,5_to_10_hrs,intermediate,self_taught,systems_reliability,balanced_generalist,backend
3.5,4.0,2.1,3.9,3.4,4.2,3.3,3.4,4.2,build_systems,10_to_20_hrs,advanced,cs_degree,systems_reliability,technical_engineering,backend
3.3,4.1,2.0,4.1,2.7,4.0,2.3,2.4,4.6,build_systems,5_to_10_hrs,intermediate,cs_degree,logic_architecture,balanced_generalist,backend
3.3,4.4,2.2,4.8,4.2,4.3,3.1,4.0,4.6,build_systems,10_to_20_hrs,advanced,self_taught,logic_architecture,technical_engineering,backend
3.7,4.1,1.3,4.5,3.5,4.1,3.8,2.1,4.5,build_systems,20_plus_hrs,intermediate,cs_degree,logic_architecture,balanced_generalist,backend
4.0,4.4,1.3,4.8,4.0,3.1,2.7,2.6,4.4,build_systems,10_to_20_hrs,advanced,non_cs_degree,logic_architecture,balanced_generalist,backend
3.1,5.0,1.6,4.9,4.3,4.1,3.7,3.6,4.0,build_user_facing,5_to_10_hrs,intermediate,non_cs_degree,logic_architecture,technical_engineering,backend
3.5,4.3,2.7,4.0,3.3,4.4,3.4,2.7,4.2,build_systems,5_to_10_hrs,none,high_school,logic_architecture,technical_engineering,backend
2.9,4.3,2.1,3.9,3.2,4.7,3.4,2.4,4.9,build_systems,under_5_hrs,basics,self_taught,logic_architecture,technical_engineering,backend
3.5,4.3,1.3,5.0,3.6,3.6,3.6,1.1,4.1,build_user_facing,under_5_hrs,none,non_cs_degree,logic_architecture,balanced_generalist,backend
3.5,4.8,1.6,4.5,4.4,3.6,2.5,4.1,5.0,build_systems,10_to_20_hrs,none,self_taught,systems_reliability,balanced_generalist,backend
2.1,4.6,2.1,4.6,4.4,3.7,3.7,2.0,4.5,build_systems,under_5_hrs,advanced,non_cs_degree,systems_reliability,balanced_generalist,backend
3.5,4.2,1.4,4.4,4.0,3.3,3.2,3.4,3.6,build_systems,20_plus_hrs,basics,high_school,systems_reliability,technical_engineering,backend
3.1,4.6,1.4,4.3,2.8,4.3,3.5,1.9,4.3,build_systems,10_to_20_hrs,intermediate,self_taught,logic_architecture,technical_engineering,backend
4.1,4.3,1.8,4.8,3.9,3.5,3.1,2.9,4.1,build_systems,5_to_10_hrs,none,cs_degree,systems_reliability,balanced_generalist,backend
2.2,5.0,1.4,4.6,4.1,4.3,4.5,3.9,3.7,build_user_facing,20_plus_hrs,basics,high_school,logic_architecture,technical_engineering,backend
3.2,4.6,2.6,4.8,4.5,4.3,4.4,3.8,5.0,build_user_facing,under_5_hrs,intermediate,cs_degree,logic_architecture,technical_engineering,backend
3.0,4.7,1.7,4.4,3.2,4.1,3.1,2.4,4.9,build_systems,10_to_20_hrs,basics,cs_degree,logic_architecture,balanced_generalist,backend
4.1,4.9,1.0,4.7,4.1,4.1,2.3,3.1,4.4,build_user_facing,20_plus_hrs,intermediate,cs_degree,logic_architecture,technical_engineering,backend
3.0,4.2,1.8,4.8,4.1,3.6,2.7,1.7,4.4,build_systems,5_to_10_hrs,intermediate,non_cs_degree,systems_reliability,technical_engineering,backend
3.4,4.6,1.5,4.5,4.1,3.1,4.2,3.9,3.9,build_systems,20_plus_hrs,advanced,non_cs_degree,systems_reliability,technical_engineering,backend
3.2,4.5,1.0,5.0,3.3,4.0,2.9,3.0,4.4,build_user_facing,10_to_20_hrs,basics,cs_degree,logic_architecture,balanced_generalist,backend
3.6,5.0,2.3,3.8,4.4,3.9,3.0,2.7,4.7,build_systems,20_plus_hrs,intermediate,self_taught,systems_reliability,technical_engineering,backend
2.9,4.5,1.5,4.5,4.2,4.6,2.3,3.8,4.3,build_user_facing,under_5_hrs,basics,non_cs_degree,systems_reliability,balanced_generalist,backend
3.5,4.6,2.3,5.0,4.1,3.8,3.7,3.3,3.7,build_systems,5_to_10_hrs,basics,non_cs_degree,logic_architecture,balanced_generalist,backend
4.0,4.7,1.9,5.0,4.0,3.8,3.4,4.0,3.9,build_systems,5_to_10_hrs,basics,high_school,logic_architecture,technical_engineering,backend
3.7,4.1,1.5,4.9,3.7,3.6,3.6,3.7,3.8,build_systems,10_to_20_hrs,basics,self_taught,logic_architecture,technical_engineering,backend
3.1,4.2,2.0,4.4,4.0,3.8,4.4,3.5,4.8,build_systems,20_plus_hrs,basics,self_taught,logic_architecture,technical_engineering,backend
4.6,4.5,1.4,5.0,3.2,3.9,3.1,2.2,3.4,build_systems,20_plus_hrs,advanced,self_taught,systems_reliability,technical_engineering,backend
4.0,4.7,1.9,5.0,4.6,3.8,3.9,2.3,4.5,build_systems,5_to_10_hrs,intermediate,non_cs_degree,logic_architecture,technical_engineering,backend
3.4,4.8,1.5,4.7,3.9,4.2,2.9,3.0,4.2,build_systems,under_5_hrs,basics,non_cs_degree,systems_reliability,balanced_generalist,backend
3.9,4.2,1.5,4.9,4.1,3.1,3.1,4.3,4.3,build_user_facing,20_plus_hrs,advanced,non_cs_degree,logic_architecture,technical_engineering,backend
3.3,4.7,2.2,4.6,3.9,4.2,3.2,3.5,4.8,build_systems,under_5_hrs,intermediate,self_taught,logic_architecture,balanced_generalist,backend
3.1,4.0,1.3,4.5,3.9,3.6,3.7,2.5,4.4,build_user_facing,5_to_10_hrs,intermediate,cs_degree,logic_architecture,balanced_generalist,backend
3.2,4.1,2.1,4.7,3.8,4.4,3.4,4.5,4.9,build_systems,10_to_20_hrs,intermediate,self_taught,systems_reliability,technical_engineering,backend
3.2,4.5,2.4,4.7,4.5,3.4,3.7,2.9,4.1,build_user_facing,20_plus_hrs,basics,high_school,systems_reliability,technical_engineering,backend
3.3,4.6,2.1,4.7,4.0,3.1,4.1,2.8,3.9,build_systems,5_to_10_hrs,intermediate,cs_degree,systems_reliability,technical_engineering,backend
2.6,4.5,2.9,4.3,3.8,3.8,3.0,2.5,5.0,build_systems,under_5_hrs,intermediate,cs_degree,logic_architecture,balanced_generalist,backend
3.9,4.7,1.6,4.5,3.7,4.3,2.3,3.6,4.2,build_systems,10_to_20_hrs,advanced,high_school,systems_reliability,technical_engineering,backend
1.2,4.9,1.5,4.6,3.7,3.8,3.0,3.5,4.3,build_systems,20_plus_hrs,none,non_cs_degree,systems_reliability,technical_engineering,backend
2.8,4.4,2.0,4.3,4.0,3.9,3.8,2.6,4.4,build_user_facing,10_to_20_hrs,advanced,cs_degree,logic_architecture,technical_engineering,backend
3.2,4.1,1.6,3.8,3.6,4.1,3.0,3.4,4.6,build_systems,5_to_10_hrs,basics,non_cs_degree,logic_architecture,technical_engineering,backend
2.3,5.0,2.2,4.0,4.3,3.7,3.9,3.5,3.8,build_systems,under_5_hrs,advanced,cs_degree,logic_architecture,technical_engineering,backend
3.7,4.3,1.0,4.9,4.7,3.4,3.4,3.6,4.3,build_systems,20_plus_hrs,advanced,non_cs_degree,systems_reliability,technical_engineering,backend
3.8,4.3,1.9,4.4,3.6,3.6,3.1,1.8,4.6,build_systems,5_to_10_hrs,none,non_cs_degree,logic_architecture,technical_engineering,backend
3.4,4.2,2.3,5.0,3.5,4.2,3.1,3.6,4.1,build_user_facing,under_5_hrs,advanced,high_school,logic_architecture,technical_engineering,backend
3.6,4.5,1.0,4.4,4.1,3.2,3.0,2.8,4.6,build_systems,20_plus_hrs,advanced,cs_degree,logic_architecture,balanced_generalist,backend
4.5,4.6,1.3,4.1,4.1,3.9,2.9,2.6,3.5,build_systems,20_plus_hrs,none,high_school,systems_reliability,technical_engineering,backend
4.6,4.9,1.8,4.3,3.8,4.3,2.2,1.8,3.9,build_systems,5_to_10_hrs,advanced,high_school,logic_architecture,technical_engineering,backend
4.3,4.5,1.8,3.7,3.5,4.4,3.5,2.9,5.0,build_systems,20_plus_hrs,basics,cs_degree,logic_architecture,technical_engineering,backend
3.1,4.7,1.5,4.4,2.8,4.1,2.6,3.5,4.3,build_user_facing,10_to_20_hrs,advanced,cs_degree,systems_reliability,technical_engineering,backend
3.5,4.7,1.5,3.7,3.6,3.9,2.8,2.5,4.4,build_systems,5_to_10_hrs,none,cs_degree,logic_architecture,technical_engineering,backend
3.8,4.4,1.2,4.6,3.7,4.1,2.8,3.5,3.9,build_systems,20_plus_hrs,advanced,non_cs_degree,systems_reliability,balanced_generalist,backend
2.8,4.6,1.0,4.3,3.8,3.9,3.4,2.5,4.1,build_systems,5_to_10_hrs,intermediate,high_school,systems_reliability,technical_engineering,backend
3.6,5.0,1.7,4.2,4.7,3.6,3.4,3.3,4.3,build_systems,5_to_10_hrs,advanced,self_taught,logic_architecture,balanced_generalist,backend
2.6,4.7,1.7,5.0,3.3,4.0,3.9,3.2,4.4,build_systems,10_to_20_hrs,none,cs_degree,logic_architecture,technical_engineering,backend
2.1,4.2,1.5,4.2,3.5,4.3,3.0,2.5,4.2,build_systems,10_to_20_hrs,basics,cs_degree,systems_reliability,technical_engineering,backend
4.7,4.1,2.2,5.0,4.1,3.4,3.1,3.1,5.0,build_systems,20_plus_hrs,advanced,cs_degree,logic_architecture,balanced_generalist,backend
2.4,4.7,1.5,4.2,3.5,3.6,3.7,2.9,3.8,build_user_facing,10_to_20_hrs,intermediate,non_cs_degree,logic_architecture,technical_engineering,backend
3.0,4.8,1.7,4.8,3.3,3.5,2.6,2.8,4.7,build_systems,under_5_hrs,basics,high_school,systems_reliability,technical_engineering,backend
2.4,4.6,2.2,4.5,3.6,3.6,3.0,3.2,4.1,build_systems,5_to_10_hrs,basics,self_taught,logic_architecture,balanced_generalist,backend
3.7,3.6,1.5,4.6,3.9,3.0,3.8,3.4,5.0,build_systems,10_to_20_hrs,intermediate,cs_degree,systems_reliability,technical_engineering,backend
3.3,4.9,2.3,4.4,3.5,4.3,2.6,4.0,3.6,build_user_facing,5_to_10_hrs,intermediate,self_taught,systems_reliability,technical_engineering,backend
3.9,4.7,1.0,5.0,3.7,4.1,3.2,3.0,4.4,build_systems,10_to_20_hrs,basics,cs_degree,logic_architecture,balanced_generalist,backend
3.6,4.4,1.3,4.4,3.6,3.3,3.4,2.4,4.6,build_systems,10_to_20_hrs,advanced,non_cs_degree,systems_reliability,balanced_generalist,backend
3.2,4.6,2.2,4.8,3.5,3.6,3.0,3.3,3.7,build_user_facing,5_to_10_hrs,basics,non_cs_degree,logic_architecture,balanced_generalist,backend
2.1,4.0,2.4,4.3,3.1,4.0,3.5,2.3,4.6,build_user_facing,under_5_hrs,intermediate,non_cs_degree,logic_architecture,technical_engineering,backend
3.3,4.5,2.1,4.7,3.4,3.7,3.6,2.9,4.3,build_systems,20_plus_hrs,none,self_taught,systems_reliability,technical_engineering,backend
4.2,4.6,2.0,4.9,2.7,3.4,3.9,3.9,4.6,build_user_facing,5_to_10_hrs,advanced,self_taught,logic_architecture,balanced_generalist,backend
3.7,4.3,2.0,4.4,4.1,3.1,3.0,2.3,4.6,build_systems,5_to_10_hrs,intermediate,high_school,logic_architecture,balanced_generalist,backend
3.5,4.9,1.6,4.0,2.9,3.2,2.5,1.8,4.0,build_systems,20_plus_hrs,none,high_school,logic_architecture,balanced_generalist,backend
3.3,4.0,1.6,4.9,4.0,3.0,3.1,1.8,4.5,build_systems,10_to_20_hrs,none,high_school,logic_architecture,balanced_generalist,backend
3.7,4.8,1.7,4.5,4.1,3.8,3.7,2.1,4.6,build_systems,5_to_10_hrs,basics,cs_degree,logic_architecture,technical_engineering,backend
4.1,4.8,2.1,4.5,4.1,4.4,2.8,3.0,5.0,build_systems,under_5_hrs,none,high_school,logic_architecture,technical_engineering,backend
3.3,3.9,2.3,4.5,3.9,3.7,3.3,2.9,4.2,build_systems,5_to_10_hrs,intermediate,high_school,systems_reliability,balanced_generalist,backend
4.2,4.9,1.6,4.8,4.3,3.9,3.0,3.3,4.5,build_systems,20_plus_hrs,advanced,cs_degree,logic_architecture,technical_engineering,backend
2.6,4.3,1.8,4.4,4.3,4.2,3.4,3.6,4.5,build_systems,5_to_10_hrs,none,self_taught,systems_reliability,technical_engineering,backend
3.4,5.0,1.5,4.4,3.7,3.8,2.6,2.5,4.0,build_systems,20_plus_hrs,intermediate,self_taught,logic_architecture,balanced_generalist,backend
2.4,4.9,1.8,4.4,2.8,3.9,4.1,2.9,4.5,build_user_facing,under_5_hrs,intermediate,non_cs_degree,logic_architecture,technical_engineering,backend
2.2,4.0,2.2,5.0,4.4,3.7,3.1,3.1,4.8,build_systems,10_to_20_hrs,none,high_school,logic_architecture,technical_engineering,backend
3.3,3.9,1.4,4.8,3.1,4.5,3.1,4.2,3.4,build_user_facing,5_to_10_hrs,basics,high_school,logic_architecture,technical_engineering,backend
4.0,4.4,1.3,4.7,3.7,2.7,3.0,2.7,4.5,build_user_facing,10_to_20_hrs,advanced,cs_degree,logic_architecture,balanced_generalist,backend
4.3,4.3,1.9,4.4,3.5,3.6,2.9,3.5,4.8,build_systems,20_plus_hrs,advanced,non_cs_degree,logic_architecture,balanced_generalist,backend
3.9,4.8,1.0,4.2,3.4,4.0,2.8,2.7,4.3,build_user_facing,20_plus_hrs,intermediate,self_taught,logic_architecture,balanced_generalist,backend
3.4,4.1,2.0,4.2,3.7,3.7,2.7,2.8,4.2,build_systems,under_5_hrs,none,self_taught,systems_reliability,balanced_generalist,backend
3.4,4.4,1.9,4.4,4.0,3.6,3.2,3.0,4.0,build_systems,10_to_20_hrs,none,high_school,logic_architecture,technical_engineering,backend
4.3,4.3,2.1,4.5,3.4,2.9,3.3,4.8,4.3,build_user_facing,20_plus_hrs,advanced,non_cs_degree,systems_reliability,technical_engineering,backend
3.0,5.0,2.1,4.6,3.8,3.4,3.0,3.7,3.6,build_systems,10_to_20_hrs,basics,self_taught,logic_architecture,balanced_generalist,backend
3.9,3.9,2.5,5.0,3.4,3.6,3.2,2.4,4.3,build_user_facing,10_to_20_hrs,basics,high_school,logic_architecture,technical_engineering,backend
3.1,4.7,2.4,4.4,2.7,4.8,3.0,4.5,3.8,build_user_facing,20_plus_hrs,intermediate,self_taught,systems_reliability,technical_engineering,backend
2.9,4.5,1.8,4.2,4.7,3.9,2.3,3.1,3.9,build_systems,10_to_20_hrs,basics,non_cs_degree,systems_reliability,technical_engineering,backend
3.4,4.3,2.0,5.0,4.0,3.9,3.6,3.7,4.6,build_systems,10_to_20_hrs,intermediate,cs_degree,systems_reliability,technical_engineering,backend
2.0,4.5,2.1,4.9,4.7,3.8,3.5,3.8,3.9,build_systems,20_plus_hrs,intermediate,self_taught,logic_architecture,balanced_generalist,backend
2.8,4.5,2.3,4.4,3.0,2.9,3.4,1.8,4.0,build_user_facing,5_to_10_hrs,basics,self_taught,systems_reliability,technical_engineering,backend
3.9,4.3,1.8,4.4,4.6,4.3,3.3,1.5,4.2,build_user_facing,under_5_hrs,advanced,self_taught,systems_reliability,balanced_generalist,backend
3.7,4.1,1.6,4.4,4.2,4.1,2.8,2.7,4.8,build_systems,under_5_hrs,intermediate,self_taught,logic_architecture,technical_engineering,backend
3.9,4.5,1.0,4.5,3.9,3.2,2.8,1.9,5.0,build_systems,under_5_hrs,advanced,non_cs_degree,logic_architecture,balanced_generalist,backend
2.9,4.3,2.3,4.1,2.8,3.2,3.7,3.3,3.7,build_systems,10_to_20_hrs,advanced,cs_degree,logic_architecture,technical_engineering,backend
3.3,4.8,1.7,3.7,3.6,3.9,3.6,4.4,4.3,build_user_facing,under_5_hrs,advanced,cs_degree,logic_architecture,technical_engineering,backend
3.0,4.6,1.0,4.6,2.9,4.2,3.2,2.9,4.8,build_systems,20_plus_hrs,none,high_school,systems_reliability,technical_engineering,backend
4.5,4.8,2.7,4.8,4.4,4.2,2.5,2.7,3.8,build_systems,10_to_20_hrs,intermediate,cs_degree,systems_reliability,technical_engineering,backend
2.5,4.3,1.9,4.3,3.5,4.3,2.9,1.3,3.4,build_systems,10_to_20_hrs,none,self_taught,systems_reliability,balanced_generalist,backend
4.3,4.9,2.2,4.8,3.8,4.3,3.4,3.4,3.6,build_systems,10_to_20_hrs,none,cs_degree,systems_reliability,balanced_generalist,backend
4.4,4.2,2.7,4.9,4.6,3.5,2.5,2.4,4.4,build_systems,20_plus_hrs,basics,non_cs_degree,logic_architecture,technical_engineering,backend
2.2,4.4,1.7,4.6,4.5,3.7,3.4,3.4,3.8,build_user_facing,10_to_20_hrs,advanced,high_school,logic_architecture,technical_engineering,backend
3.4,4.6,1.1,4.2,2.6,4.3,3.9,3.0,4.0,build_systems,under_5_hrs,intermediate,self_taught,logic_architecture,technical_engineering,backend
3.1,4.6,2.0,4.6,3.3,3.9,3.4,2.4,3.7,build_user_facing,5_to_10_hrs,basics,non_cs_degree,logic_architecture,balanced_generalist,backend
3.6,4.1,2.9,4.3,3.7,3.8,3.0,2.7,3.4,build_systems,5_to_10_hrs,basics,high_school,logic_architecture,balanced_generalist,backend
4.6,4.3,2.4,4.3,3.3,3.7,3.9,2.3,3.9,build_systems,20_plus_hrs,none,high_school,systems_reliability,technical_engineering,backend
4.5,4.2,2.9,4.2,3.5,4.5,4.6,3.2,4.0,build_systems,under_5_hrs,basics,high_school,systems_reliability,technical_engineering,backend
2.9,4.5,1.7,4.5,4.3,4.1,3.2,3.1,4.0,build_systems,10_to_20_hrs,intermediate,high_school,logic_architecture,balanced_generalist,backend
3.5,4.8,1.7,4.3,3.4,3.0,3.1,2.8,4.5,build_systems,20_plus_hrs,advanced,cs_degree,systems_reliability,technical_engineering,backend
3.9,3.7,2.2,5.0,3.4,3.8,3.0,3.7,4.3,build_systems,under_5_hrs,none,self_taught,logic_architecture,technical_engineering,backend
2.8,5.0,4.3,3.9,3.6,2.7,3.9,4.1,4.4,build_systems,20_plus_hrs,basics,non_cs_degree,visual_creative,creative_visual,fullstack
2.7,3.9,4.0,4.4,2.9,3.5,2.7,2.9,4.0,build_user_facing,10_to_20_hrs,basics,cs_degree,logic_architecture,balanced_generalist,fullstack
2.8,4.2,4.3,4.2,3.0,3.8,2.3,2.0,4.2,build_user_facing,5_to_10_hrs,intermediate,self_taught,logic_architecture,technical_engineering,fullstack
2.2,4.8,4.2,4.7,3.5,3.4,3.1,1.4,4.1,build_systems,under_5_hrs,advanced,cs_degree,systems_reliability,technical_engineering,fullstack
3.4,5.0,3.7,5.0,3.6,3.4,3.6,2.1,4.2,build_systems,under_5_hrs,basics,high_school,visual_creative,balanced_generalist,fullstack
3.7,4.9,3.3,4.1,3.0,3.6,3.4,1.8,3.9,build_user_facing,20_plus_hrs,intermediate,high_school,logic_architecture,creative_visual,fullstack
4.1,4.5,3.9,4.1,3.6,3.3,3.3,2.5,3.5,build_user_facing,10_to_20_hrs,basics,self_taught,logic_architecture,creative_visual,fullstack
2.6,4.6,3.5,4.2,3.4,3.3,2.8,2.7,4.3,build_systems,20_plus_hrs,basics,cs_degree,logic_architecture,technical_engineering,fullstack
2.6,4.4,4.4,4.3,4.1,3.4,3.8,2.9,4.1,build_systems,20_plus_hrs,advanced,high_school,logic_architecture,technical_engineering,fullstack
3.1,4.9,4.2,4.2,2.9,4.2,3.1,2.9,4.8,build_systems,20_plus_hrs,basics,self_taught,systems_reliability,creative_visual,fullstack
3.3,4.8,4.2,4.4,2.0,3.0,3.5,2.9,4.2,build_user_facing,10_to_20_hrs,none,high_school,systems_reliability,balanced_generalist,fullstack
3.5,4.0,4.1,3.9,3.8,3.4,3.5,3.1,3.0,build_systems,20_plus_hrs,intermediate,high_school,visual_creative,balanced_generalist,fullstack
2.7,3.9,4.6,3.9,3.5,3.6,3.5,3.2,4.0,build_user_facing,20_plus_hrs,advanced,non_cs_degree,logic_architecture,technical_engineering,fullstack
3.5,4.2,3.9,3.8,3.8,4.3,2.7,3.4,4.7,build_user_facing,under_5_hrs,none,self_taught,logic_architecture,technical_engineering,fullstack
2.7,5.0,4.2,3.6,3.4,3.0,3.3,2.5,3.8,build_user_facing,5_to_10_hrs,none,cs_degree,systems_reliability,balanced_generalist,fullstack
3.5,4.3,3.7,4.9,2.8,3.1,3.5,3.2,4.1,build_systems,10_to_20_hrs,advanced,non_cs_degree,logic_architecture,balanced_generalist,fullstack
4.1,4.4,3.5,3.9,3.6,3.7,3.8,2.2,4.0,build_user_facing,10_to_20_hrs,none,high_school,logic_architecture,technical_engineering,fullstack
3.6,5.0,4.1,3.4,3.4,3.7,3.8,3.2,4.3,build_systems,20_plus_hrs,intermediate,non_cs_degree,logic_architecture,creative_visual,fullstack
2.9,5.0,4.1,5.0,3.3,3.8,3.6,2.6,3.8,build_user_facing,20_plus_hrs,basics,non_cs_degree,logic_architecture,creative_visual,fullstack
3.7,4.6,4.1,4.1,4.1,3.7,3.3,2.5,4.4,build_user_facing,20_plus_hrs,advanced,high_school,systems_reliability,technical_engineering,fullstack
3.0,4.8,4.0,4.5,3.3,3.7,2.8,3.3,4.3,build_user_facing,under_5_hrs,none,cs_degree,systems_reliability,creative_visual,fullstack
3.6,4.5,4.1,4.1,3.4,3.7,2.8,3.2,5.0,build_systems,under_5_hrs,basics,cs_degree,logic_architecture,creative_visual,fullstack
3.1,4.3,3.4,5.0,3.2,4.0,3.2,2.7,3.9,build_user_facing,20_plus_hrs,none,high_school,systems_reliability,balanced_generalist,fullstack
3.1,4.4,3.7,3.9,3.3,3.9,2.6,3.1,4.4,build_systems,under_5_hrs,none,non_cs_degree,logic_architecture,creative_visual,fullstack
3.4,4.4,4.1,4.7,3.2,2.8,2.6,2.3,4.7,build_user_facing,20_plus_hrs,intermediate,self_taught,visual_creative,balanced_generalist,fullstack
3.4,4.4,4.2,3.9,3.7,3.0,3.3,2.8,3.9,build_user_facing,10_to_20_hrs,basics,high_school,visual_creative,creative_visual,fullstack
3.6,4.3,3.5,3.7,3.2,3.1,3.1,3.7,4.2,build_user_facing,5_to_10_hrs,intermediate,cs_degree,logic_architecture,creative_visual,fullstack
3.6,4.6,4.2,4.8,2.2,2.7,2.6,1.6,5.0,build_user_facing,under_5_hrs,none,high_school,visual_creative,balanced_generalist,fullstack
2.4,4.7,3.9,4.5,3.1,3.7,2.7,3.9,4.4,build_user_facing,20_plus_hrs,basics,non_cs_degree,visual_creative,balanced_generalist,fullstack
3.0,4.3,3.9,3.8,3.3,3.7,3.6,4.2,4.2,build_systems,under_5_hrs,intermediate,self_taught,logic_architecture,balanced_generalist,fullstack
3.3,4.7,3.3,4.4,2.9,3.8,2.3,2.9,4.3,build_systems,5_to_10_hrs,none,non_cs_degree,systems_reliability,creative_visual,fullstack
2.8,4.8,3.6,4.5,3.2,3.8,3.5,3.1,4.2,build_systems,20_plus_hrs,basics,self_taught,systems_reliability,balanced_generalist,fullstack
4.2,4.2,3.9,4.4,3.9,4.0,3.1,2.7,5.0,build_systems,10_to_20_hrs,none,non_cs_degree,visual_creative,creative_visual,fullstack
2.7,4.0,4.1,3.8,3.8,3.5,3.7,3.4,3.7,build_user_facing,10_to_20_hrs,intermediate,non_cs_degree,systems_reliability,creative_visual,fullstack
3.4,4.4,4.1,4.4,3.3,3.5,3.9,2.5,4.0,build_systems,10_to_20_hrs,intermediate,non_cs_degree,systems_reliability,creative_visual,fullstack
2.3,5.0,4.1,3.3,2.4,3.0,2.8,2.5,3.6,build_user_facing,under_5_hrs,basics,cs_degree,visual_creative,technical_engineering,fullstack
4.5,4.8,4.4,5.0,3.3,3.4,3.7,1.8,4.4,build_systems,10_to_20_hrs,basics,non_cs_degree,visual_creative,technical_engineering,fullstack
3.7,4.5,4.1,3.7,3.5,3.5,2.9,3.2,3.7,build_systems,under_5_hrs,advanced,non_cs_degree,logic_architecture,creative_visual,fullstack
3.1,5.0,4.2,4.2,3.2,3.4,2.5,2.9,3.9,build_systems,20_plus_hrs,basics,self_taught,visual_creative,balanced_generalist,fullstack
2.9,4.5,3.3,3.0,2.5,3.0,2.5,2.5,3.9,build_systems,20_plus_hrs,basics,self_taught,visual_creative,balanced_generalist,fullstack
3.1,4.1,3.7,4.0,3.8,3.1,3.5,2.6,3.7,build_user_facing,under_5_hrs,advanced,self_taught,systems_reliability,technical_engineering,fullstack
3.3,4.5,3.8,4.1,2.6,3.7,3.3,2.4,4.1,build_systems,20_plus_hrs,advanced,high_school,visual_creative,technical_engineering,fullstack
2.5,4.4,4.5,4.3,3.0,3.7,3.2,2.8,4.1,build_systems,10_to_20_hrs,advanced,high_school,logic_architecture,balanced_generalist,fullstack
2.6,4.6,4.4,3.4,2.7,3.2,3.4,2.5,4.8,build_user_facing,10_to_20_hrs,intermediate,non_cs_degree,systems_reliability,creative_visual,fullstack
2.7,4.1,3.6,3.5,3.5,3.3,2.8,2.8,3.9,build_systems,under_5_hrs,advanced,self_taught,logic_architecture,creative_visual,fullstack
2.8,4.3,3.7,3.8,3.3,2.9,2.6,3.5,4.0,build_user_facing,10_to_20_hrs,intermediate,non_cs_degree,systems_reliability,creative_visual,fullstack
2.6,4.5,3.9,4.4,3.0,3.4,3.5,3.3,4.0,build_user_facing,under_5_hrs,advanced,self_taught,visual_creative,technical_engineering,fullstack
3.0,4.0,4.0,4.1,2.8,3.1,3.9,3.0,3.8,build_systems,under_5_hrs,none,non_cs_degree,logic_architecture,creative_visual,fullstack
3.3,4.5,3.8,3.6,3.7,3.2,2.9,2.0,4.0,build_systems,20_plus_hrs,intermediate,cs_degree,systems_reliability,technical_engineering,fullstack
2.8,4.7,4.2,4.3,2.8,3.3,3.1,1.6,3.5,build_systems,20_plus_hrs,none,non_cs_degree,visual_creative,balanced_generalist,fullstack
1.9,4.5,4.3,5.0,2.9,3.2,3.2,1.0,5.0,build_user_facing,10_to_20_hrs,none,high_school,systems_reliability,balanced_generalist,fullstack
2.9,4.8,4.0,4.3,2.9,3.6,3.4,3.4,3.7,build_user_facing,10_to_20_hrs,intermediate,high_school,visual_creative,balanced_generalist,fullstack
3.5,4.3,3.6,4.7,3.3,3.2,3.2,3.6,3.8,build_systems,5_to_10_hrs,intermediate,non_cs_degree,visual_creative,technical_engineering,fullstack
2.9,4.9,3.9,3.6,3.9,3.4,3.3,3.4,4.3,build_systems,5_to_10_hrs,intermediate,high_school,systems_reliability,creative_visual,fullstack
3.4,4.4,4.3,4.3,3.2,3.9,3.5,2.6,3.3,build_user_facing,10_to_20_hrs,basics,self_taught,logic_architecture,creative_visual,fullstack
4.6,4.0,4.3,4.4,3.7,4.0,3.3,2.4,3.6,build_systems,10_to_20_hrs,advanced,cs_degree,logic_architecture,balanced_generalist,fullstack
2.3,4.6,4.2,4.1,3.1,4.0,2.9,3.0,4.3,build_systems,under_5_hrs,intermediate,high_school,systems_reliability,balanced_generalist,fullstack
3.3,4.6,4.4,4.6,3.6,3.4,3.0,2.7,4.6,build_user_facing,under_5_hrs,advanced,non_cs_degree,visual_creative,balanced_generalist,fullstack
3.7,4.2,3.9,3.9,2.8,3.2,3.1,2.5,4.3,build_user_facing,10_to_20_hrs,advanced,self_taught,systems_reliability,creative_visual,fullstack
3.4,4.7,4.8,4.4,3.7,3.7,3.2,1.9,4.5,build_systems,5_to_10_hrs,none,non_cs_degree,logic_architecture,balanced_generalist,fullstack
3.1,4.7,3.8,4.5,3.4,3.4,3.4,3.4,4.7,build_user_facing,20_plus_hrs,basics,high_school,logic_architecture,technical_engineering,fullstack
4.1,4.3,4.3,3.9,4.0,3.4,3.9,2.9,4.4,build_systems,20_plus_hrs,intermediate,high_school,systems_reliability,technical_engineering,fullstack
3.7,4.8,3.9,3.3,3.3,3.7,3.5,2.9,4.0,build_systems,10_to_20_hrs,basics,cs_degree,logic_architecture,creative_visual,fullstack
3.6,5.0,4.2,4.3,3.2,3.2,2.9,2.3,4.6,build_user_facing,5_to_10_hrs,basics,cs_degree,systems_reliability,creative_visual,fullstack
3.4,4.2,3.9,4.7,3.6,3.0,2.8,3.5,3.7,build_user_facing,20_plus_hrs,advanced,high_school,visual_creative,balanced_generalist,fullstack
3.1,3.9,4.1,4.9,4.2,4.1,3.1,3.6,4.8,build_systems,20_plus_hrs,advanced,self_taught,logic_architecture,technical_engineering,fullstack
2.1,4.5,4.6,4.8,3.0,3.3,3.0,1.4,4.4,build_systems,20_plus_hrs,intermediate,cs_degree,logic_architecture,technical_engineering,fullstack
2.3,4.4,3.9,4.9,4.3,3.6,3.4,3.4,4.2,build_systems,5_to_10_hrs,basics,cs_degree,systems_reliability,creative_visual,fullstack
3.7,4.7,4.1,4.5,3.2,3.4,3.0,3.1,4.3,build_user_facing,under_5_hrs,advanced,non_cs_degree,systems_reliability,technical_engineering,fullstack
3.4,4.3,4.2,4.0,2.6,3.1,3.7,2.3,4.8,build_user_facing,5_to_10_hrs,none,non_cs_degree,logic_architecture,creative_visual,fullstack
2.7,4.4,3.5,3.6,3.5,4.1,3.4,3.0,3.7,build_user_facing,5_to_10_hrs,none,self_taught,visual_creative,balanced_generalist,fullstack
3.4,4.6,3.9,4.1,3.4,3.6,2.2,3.9,4.3,build_systems,20_plus_hrs,advanced,high_school,visual_creative,technical_engineering,fullstack
3.8,3.9,4.4,4.3,3.7,3.5,3.5,2.7,3.6,build_systems,20_plus_hrs,basics,high_school,systems_reliability,balanced_generalist,fullstack
2.9,4.8,4.8,4.1,3.0,3.7,3.2,1.2,4.3,build_systems,10_to_20_hrs,none,non_cs_degree,logic_architecture,balanced_generalist,fullstack
3.6,4.9,4.2,4.0,3.7,3.1,3.5,2.0,4.4,build_systems,under_5_hrs,none,self_taught,systems_reliability,technical_engineering,fullstack
2.3,4.8,3.8,4.5,3.4,3.5,3.1,3.5,4.3,build_user_facing,under_5_hrs,intermediate,cs_degree,systems_reliability,balanced_generalist,fullstack
3.1,4.3,3.9,5.0,3.0,3.2,3.2,3.1,3.9,build_systems,20_plus_hrs,none,cs_degree,systems_reliability,balanced_generalist,fullstack
3.5,4.9,4.2,3.9,3.5,4.0,3.1,3.1,4.2,build_systems,20_plus_hrs,basics,non_cs_degree,visual_creative,balanced_generalist,fullstack
3.1,3.9,4.7,4.7,3.2,3.2,4.1,2.8,3.9,build_systems,under_5_hrs,intermediate,self_taught,logic_architecture,balanced_generalist,fullstack
3.3,4.5,3.5,4.0,3.0,2.5,2.9,2.0,3.7,build_systems,20_plus_hrs,none,non_cs_degree,logic_architecture,balanced_generalist,fullstack
2.9,4.5,3.6,4.2,3.3,3.9,2.9,2.4,3.9,build_systems,5_to_10_hrs,basics,high_school,systems_reliability,technical_engineering,fullstack
3.3,4.3,4.5,4.4,2.5,3.5,3.7,2.1,4.1,build_systems,10_to_20_hrs,basics,cs_degree,systems_reliability,creative_visual,fullstack
3.9,4.9,3.9,3.6,3.2,3.7,4.1,2.7,4.6,build_systems,10_to_20_hrs,intermediate,high_school,logic_architecture,balanced_generalist,fullstack
2.8,4.2,4.0,3.9,3.0,3.4,3.9,4.5,4.1,build_systems,5_to_10_hrs,none,cs_degree,visual_creative,technical_engineering,fullstack
2.6,4.2,4.0,5.0,2.3,3.4,3.1,4.4,3.7,build_systems,5_to_10_hrs,intermediate,self_taught,visual_creative,creative_visual,fullstack
4.0,4.1,4.0,3.8,3.2,4.1,4.0,3.1,4.7,build_systems,under_5_hrs,none,high_school,logic_architecture,balanced_generalist,fullstack
2.6,4.6,3.4,4.7,1.9,3.1,3.5,2.5,4.4,build_systems,5_to_10_hrs,intermediate,self_taught,systems_reliability,balanced_generalist,fullstack
3.0,4.9,3.7,4.1,2.8,3.8,2.7,2.5,4.5,build_systems,under_5_hrs,advanced,self_taught,systems_reliability,balanced_generalist,fullstack
3.2,4.0,3.7,3.5,3.0,3.3,2.7,4.1,4.6,build_user_facing,under_5_hrs,advanced,self_taught,systems_reliability,balanced_generalist,fullstack
3.5,4.3,4.5,4.5,3.4,3.5,2.8,2.7,4.3,build_systems,10_to_20_hrs,basics,high_school,systems_reliability,technical_engineering,fullstack
2.9,3.9,4.2,4.6,3.9,3.0,3.2,3.3,3.7,build_systems,under_5_hrs,advanced,self_taught,systems_reliability,balanced_generalist,fullstack
3.6,4.8,3.9,4.7,2.7,3.9,2.9,3.3,4.2,build_systems,under_5_hrs,none,self_taught,logic_architecture,creative_visual,fullstack
3.0,4.6,4.5,3.3,4.5,3.5,3.1,3.4,4.4,build_systems,10_to_20_hrs,none,cs_degree,systems_reliability,technical_engineering,fullstack
3.3,4.9,3.6,4.0,2.6,3.5,2.8,2.9,4.4,build_user_facing,10_to_20_hrs,basics,cs_degree,visual_creative,technical_engineering,fullstack
2.6,4.0,3.7,3.7,3.0,3.9,2.1,2.5,3.3,build_systems,20_plus_hrs,intermediate,cs_degree,systems_reliability,creative_visual,fullstack
3.8,4.3,3.7,5.0,3.7,3.5,3.4,2.6,3.9,build_systems,20_plus_hrs,none,non_cs_degree,logic_architecture,technical_engineering,fullstack
3.1,4.8,4.4,4.7,2.9,3.8,2.6,3.7,4.3,build_user_facing,5_to_10_hrs,intermediate,non_cs_degree,logic_architecture,creative_visual,fullstack
3.3,4.7,4.1,4.5,3.0,3.6,3.4,3.0,3.6,build_systems,20_plus_hrs,advanced,high_school,logic_architecture,creative_visual,fullstack
2.8,4.7,4.2,4.0,3.7,3.7,3.6,3.2,4.7,build_systems,20_plus_hrs,intermediate,high_school,logic_architecture,creative_visual,fullstack
2.5,4.4,4.2,4.2,2.7,3.0,4.0,2.4,4.7,build_systems,5_to_10_hrs,basics,non_cs_degree,visual_creative,technical_engineering,fullstack
4.2,4.2,4.3,4.7,3.5,4.2,3.0,2.6,4.2,build_user_facing,5_to_10_hrs,basics,non_cs_degree,visual_creative,balanced_generalist,fullstack
3.5,4.3,4.2,4.1,2.9,3.2,3.3,4.1,4.6,build_systems,10_to_20_hrs,intermediate,self_taught,logic_architecture,balanced_generalist,fullstack
2.9,4.8,3.8,4.2,3.3,3.0,3.4,3.2,3.6,build_systems,under_5_hrs,intermediate,non_cs_degree,logic_architecture,technical_engineering,fullstack
3.4,4.7,3.7,4.3,3.5,3.2,3.8,3.3,3.6,build_systems,5_to_10_hrs,basics,non_cs_degree,logic_architecture,technical_engineering,fullstack
3.5,4.1,3.5,4.5,2.6,3.6,3.8,3.3,4.4,build_user_facing,10_to_20_hrs,basics,high_school,visual_creative,creative_visual,fullstack
3.3,4.8,3.6,5.0,3.1,3.5,3.1,1.4,4.6,build_user_facing,5_to_10_hrs,basics,cs_degree,visual_creative,balanced_generalist,fullstack
3.2,4.0,3.9,4.3,2.7,3.4,2.5,1.9,4.6,build_user_facing,20_plus_hrs,advanced,self_taught,logic_architecture,creative_visual,fullstack
3.2,4.4,3.4,4.8,3.4,3.5,2.8,3.1,4.3,build_systems,5_to_10_hrs,basics,cs_degree,visual_creative,creative_visual,fullstack
3.1,3.8,3.4,3.8,3.3,3.3,3.3,3.1,4.3,build_user_facing,5_to_10_hrs,intermediate,self_taught,logic_architecture,technical_engineering,fullstack
3.1,4.2,4.3,4.4,3.9,4.0,2.9,3.4,5.0,build_user_facing,5_to_10_hrs,basics,self_taught,visual_creative,creative_visual,fullstack
4.3,4.7,3.5,5.0,2.3,3.6,2.9,2.1,3.8,build_systems,5_to_10_hrs,basics,cs_degree,logic_architecture,balanced_generalist,fullstack
3.1,4.7,3.6,4.1,2.7,3.7,3.6,1.7,4.8,build_systems,under_5_hrs,basics,self_taught,visual_creative,balanced_generalist,fullstack
2.6,4.3,3.7,4.4,3.0,3.8,2.8,3.5,4.4,build_systems,10_to_20_hrs,none,self_taught,systems_reliability,balanced_generalist,fullstack
3.8,4.1,3.8,4.5,4.0,3.6,2.4,3.6,4.1,build_systems,under_5_hrs,basics,cs_degree,logic_architecture,technical_engineering,fullstack
3.4,4.4,3.6,4.2,3.1,2.9,3.6,3.5,3.9,build_systems,20_plus_hrs,none,self_taught,visual_creative,technical_engineering,fullstack
2.7,3.9,3.3,4.4,3.5,3.7,2.9,4.2,3.7,build_user_facing,10_to_20_hrs,advanced,cs_degree,visual_creative,creative_visual,fullstack
2.9,4.7,4.3,5.0,3.4,3.4,2.6,3.4,3.2,build_systems,10_to_20_hrs,basics,high_school,logic_architecture,creative_visual,fullstack
2.5,4.5,4.0,4.8,2.9,2.9,3.0,2.8,3.5,build_user_facing,under_5_hrs,advanced,cs_degree,visual_creative,balanced_generalist,fullstack
3.7,4.3,4.0,4.4,3.7,3.7,3.3,2.6,4.0,build_user_facing,under_5_hrs,advanced,high_school,logic_architecture,balanced_generalist,fullstack
5.0,4.4,4.1,4.5,2.7,3.2,3.6,2.5,4.1,build_systems,5_to_10_hrs,basics,non_cs_degree,systems_reliability,creative_visual,fullstack
2.9,4.6,4.1,4.3,4.3,3.6,2.7,2.2,3.4,build_user_facing,20_plus_hrs,advanced,cs_degree,systems_reliability,creative_visual,fullstack
4.0,5.0,4.3,4.9,3.7,3.0,3.5,2.9,4.4,build_user_facing,10_to_20_hrs,advanced,high_school,logic_architecture,technical_engineering,fullstack
3.3,4.7,4.4,3.8,3.3,3.7,3.5,4.2,3.5,build_user_facing,under_5_hrs,advanced,cs_degree,visual_creative,creative_visual,fullstack
3.3,4.9,4.0,4.3,2.7,4.0,3.3,3.0,3.9,build_systems,under_5_hrs,none,non_cs_degree,logic_architecture,creative_visual,fullstack
3.3,4.7,4.0,4.5,3.0,3.4,2.7,2.7,3.7,build_systems,10_to_20_hrs,advanced,high_school,systems_reliability,creative_visual,fullstack
2.6,4.6,4.0,4.2,3.9,3.1,3.2,2.1,4.9,build_systems,5_to_10_hrs,intermediate,high_school,visual_creative,creative_visual,fullstack
3.1,4.5,4.1,4.5,2.5,3.8,2.8,2.9,4.1,build_systems,20_plus_hrs,none,high_school,systems_reliability,balanced_generalist,fullstack
4.0,4.7,4.3,4.6,3.5,3.0,3.1,3.6,3.7,build_user_facing,under_5_hrs,none,cs_degree,visual_creative,creative_visual,fullstack
2.7,5.0,4.2,3.9,2.8,3.3,3.3,2.6,3.8,build_systems,20_plus_hrs,none,high_school,logic_architecture,creative_visual,fullstack
2.5,4.7,3.6,4.5,3.0,3.8,3.5,2.9,4.7,build_systems,20_plus_hrs,advanced,cs_degree,logic_architecture,balanced_generalist,fullstack
3.4,4.2,3.3,4.4,3.1,3.6,2.7,3.7,3.1,build_user_facing,under_5_hrs,advanced,non_cs_degree,logic_architecture,balanced_generalist,fullstack
3.6,4.3,3.9,4.2,2.9,3.5,3.0,3.4,3.6,build_user_facing,10_to_20_hrs,intermediate,cs_degree,visual_creative,creative_visual,fullstack
2.8,5.0,3.9,4.9,3.5,3.2,3.4,2.6,3.6,build_user_facing,10_to_20_hrs,advanced,non_cs_degree,visual_creative,creative_visual,fullstack
3.8,4.5,3.9,3.8,3.9,3.4,3.3,2.8,3.4,build_systems,10_to_20_hrs,basics,self_taught,systems_reliability,balanced_generalist,fullstack
2.9,4.8,4.5,4.7,3.2,4.1,3.8,3.1,4.3,build_systems,under_5_hrs,intermediate,self_taught,systems_reliability,technical_engineering,fullstack
2.6,4.9,3.7,4.1,3.5,3.4,3.1,3.7,3.9,build_user_facing,20_plus_hrs,basics,non_cs_degree,visual_creative,creative_visual,fullstack
3.5,4.8,4.1,3.4,4.0,3.2,2.2,2.8,4.4,build_systems,under_5_hrs,basics,high_school,visual_creative,balanced_generalist,fullstack
2.5,4.1,3.8,3.5,2.6,2.7,2.7,4.3,4.1,build_systems,5_to_10_hrs,intermediate,high_school,visual_creative,technical_engineering,fullstack
3.8,4.7,4.5,4.5,4.1,2.9,3.2,2.4,3.9,build_user_facing,20_plus_hrs,basics,self_taught,visual_creative,creative_visual,fullstack
3.3,4.2,4.1,4.5,2.6,3.1,2.8,3.5,3.6,build_systems,5_to_10_hrs,intermediate,high_school,logic_architecture,creative_visual,fullstack
3.1,4.6,4.1,4.0,3.5,3.1,3.5,3.3,4.2,build_systems,5_to_10_hrs,basics,non_cs_degree,systems_reliability,technical_engineering,fullstack
2.8,4.9,3.9,4.0,3.2,3.9,1.8,2.7,4.3,build_user_facing,5_to_10_hrs,basics,high_school,logic_architecture,balanced_generalist,fullstack
3.5,5.0,4.2,4.3,3.0,3.4,3.5,2.7,4.1,build_user_facing,10_to_20_hrs,basics,high_school,systems_reliability,balanced_generalist,fullstack
3.5,3.9,3.8,4.3,3.0,4.0,2.9,3.9,3.8,build_user_facing,20_plus_hrs,intermediate,self_taught,systems_reliability,creative_visual,fullstack
3.4,4.8,3.9,3.6,3.3,3.6,2.7,2.9,3.7,build_user_facing,10_to_20_hrs,advanced,non_cs_degree,visual_creative,balanced_generalist,fullstack
3.4,4.5,4.0,4.4,3.2,3.4,3.4,3.8,3.6,build_user_facing,under_5_hrs,intermediate,high_school,logic_architecture,technical_engineering,fullstack
2.7,5.0,3.7,3.8,3.1,3.3,3.7,3.0,4.7,build_user_facing,5_to_10_hrs,advanced,self_taught,visual_creative,creative_visual,fullstack
2.9,4.3,3.5,4.1,2.6,3.9,3.8,2.0,4.2,build_systems,10_to_20_hrs,basics,self_taught,logic_architecture,balanced_generalist,fullstack
3.5,4.2,4.0,3.6,2.5,3.6,2.8,3.2,4.0,build_systems,under_5_hrs,intermediate,self_taught,systems_reliability,balanced_generalist,fullstack
2.7,4.1,3.3,4.0,3.5,3.9,3.2,2.9,3.9,build_systems,under_5_hrs,basics,non_cs_degree,logic_architecture,balanced_generalist,fullstack
3.6,3.9,4.3,3.8,2.3,3.6,2.7,3.9,4.5,build_user_facing,5_to_10_hrs,none,non_cs_degree,logic_architecture,technical_engineering,fullstack
3.5,4.7,4.2,4.1,3.7,3.4,2.6,3.5,4.3,build_systems,under_5_hrs,intermediate,non_cs_degree,logic_architecture,balanced_generalist,fullstack
4.1,4.6,4.2,3.4,3.2,2.9,2.7,3.3,3.5,build_systems,5_to_10_hrs,advanced,non_cs_degree,systems_reliability,technical_engineering,fullstack
2.6,4.7,4.3,3.8,3.0,3.4,3.9,2.7,4.4,build_systems,5_to_10_hrs,basics,non_cs_degree,systems_reliability,balanced_generalist,fullstack
3.3,4.1,3.3,4.7,2.8,2.7,3.4,2.8,4.5,build_user_facing,5_to_10_hrs,none,self_taught,systems_reliability,balanced_generalist,fullstack
2.8,4.4,4.0,4.5,3.6,3.6,2.0,2.9,4.3,build_user_facing,5_to_10_hrs,advanced,non_cs_degree,visual_creative,technical_engineering,fullstack
3.3,4.3,4.3,3.2,3.6,3.7,3.1,2.8,4.5,build_user_facing,20_plus_hrs,intermediate,self_taught,systems_reliability,creative_visual,fullstack
3.3,4.9,4.4,4.1,2.2,4.0,3.8,2.1,4.3,build_systems,10_to_20_hrs,none,non_cs_degree,visual_creative,balanced_generalist,fullstack
2.8,5.0,4.2,4.3,2.9,3.4,3.6,3.2,3.9,build_systems,20_plus_hrs,basics,non_cs_degree,systems_reliability,balanced_generalist,fullstack
3.5,4.5,3.8,3.3,3.1,3.3,3.1,2.8,4.4,build_systems,20_plus_hrs,none,cs_degree,systems_reliability,creative_visual,fullstack
3.3,4.3,3.7,4.4,2.2,2.8,2.6,2.5,4.6,build_user_facing,20_plus_hrs,intermediate,cs_degree,visual_creative,creative_visual,mobile
3.0,4.9,4.4,3.9,2.5,2.1,2.1,2.5,3.5,build_user_facing,20_plus_hrs,intermediate,cs_degree,logic_architecture,creative_visual,mobile
3.6,4.4,4.1,3.9,1.7,2.7,2.5,2.0,3.5,build_user_facing,5_to_10_hrs,basics,non_cs_degree,visual_creative,creative_visual,mobile
3.4,4.3,4.7,3.8,2.1,1.6,1.4,2.0,3.6,build_systems,under_5_hrs,basics,cs_degree,logic_architecture,technical_engineering,mobile
3.6,5.0,4.1,4.0,1.4,2.3,1.2,2.1,2.9,build_user_facing,under_5_hrs,none,cs_degree,visual_creative,creative_visual,mobile
4.5,4.2,4.8,4.5,1.6,2.2,2.2,2.9,3.2,build_user_facing,under_5_hrs,intermediate,high_school,visual_creative,technical_engineering,mobile
2.5,4.6,5.0,3.8,2.4,2.2,2.6,2.9,2.6,build_user_facing,5_to_10_hrs,advanced,non_cs_degree,visual_creative,creative_visual,mobile
2.3,4.5,4.8,3.9,2.5,1.3,2.9,1.7,4.2,build_user_facing,under_5_hrs,basics,high_school,logic_architecture,technical_engineering,mobile
2.7,3.9,5.0,3.8,2.0,2.5,1.8,2.3,5.0,build_user_facing,20_plus_hrs,none,high_school,visual_creative,technical_engineering,mobile
3.4,4.2,4.5,4.2,2.6,3.2,1.7,2.1,2.7,build_systems,under_5_hrs,intermediate,self_taught,visual_creative,creative_visual,mobile
2.6,4.1,4.5,3.7,2.2,2.8,2.7,1.7,3.6,build_user_facing,under_5_hrs,basics,cs_degree,visual_creative,technical_engineering,mobile
3.3,4.6,4.7,4.2,2.2,1.6,1.9,2.1,3.7,build_user_facing,10_to_20_hrs,intermediate,self_taught,logic_architecture,technical_engineering,mobile
2.6,4.7,4.9,4.1,2.0,2.5,2.9,1.5,4.3,build_user_facing,5_to_10_hrs,intermediate,cs_degree,visual_creative,technical_engineering,mobile
3.4,4.4,4.7,4.4,2.3,2.7,2.4,3.2,3.9,build_user_facing,20_plus_hrs,intermediate,non_cs_degree,visual_creative,creative_visual,mobile
3.4,4.8,4.1,3.6,2.6,2.7,2.3,2.6,4.2,build_systems,under_5_hrs,advanced,cs_degree,logic_architecture,creative_visual,mobile
2.5,4.4,4.4,4.0,1.9,2.3,1.8,2.3,4.1,build_user_facing,under_5_hrs,none,high_school,visual_creative,creative_visual,mobile
2.5,3.8,4.9,4.6,2.7,2.2,2.3,2.9,4.1,build_user_facing,under_5_hrs,advanced,non_cs_degree,logic_architecture,creative_visual,mobile
2.7,4.0,4.2,4.1,3.3,1.2,2.4,2.8,3.5,build_systems,5_to_10_hrs,none,self_taught,visual_creative,creative_visual,mobile
3.4,4.6,4.6,3.9,2.1,2.4,3.0,2.2,3.8,build_systems,5_to_10_hrs,none,high_school,logic_architecture,creative_visual,mobile
3.0,4.0,4.1,3.6,2.8,1.0,2.2,2.3,3.9,build_systems,5_to_10_hrs,basics,cs_degree,logic_architecture,technical_engineering,mobile
1.9,4.2,4.1,4.5,1.8,2.1,2.5,2.2,2.6,build_systems,5_to_10_hrs,none,non_cs_degree,visual_creative,creative_visual,mobile
3.0,4.2,4.6,4.5,2.5,2.0,1.4,2.0,3.6,build_systems,5_to_10_hrs,basics,non_cs_degree,visual_creative,technical_engineering,mobile
3.7,4.2,4.8,3.8,2.1,2.7,2.4,2.3,3.7,build_user_facing,5_to_10_hrs,basics,non_cs_degree,visual_creative,technical_engineering,mobile
2.3,3.7,3.6,3.9,2.8,2.6,2.9,2.1,3.3,build_user_facing,5_to_10_hrs,none,non_cs_degree,logic_architecture,creative_visual,mobile
2.3,4.1,4.4,4.6,3.4,2.6,1.0,2.8,4.1,build_systems,under_5_hrs,advanced,high_school,visual_creative,creative_visual,mobile
2.8,3.6,4.2,4.4,2.9,3.2,1.8,2.8,3.3,build_systems,20_plus_hrs,none,high_school,logic_architecture,creative_visual,mobile
3.4,3.6,4.8,3.9,2.3,1.4,1.9,3.2,3.9,build_systems,under_5_hrs,intermediate,high_school,logic_architecture,technical_engineering,mobile
2.7,3.9,4.5,3.8,2.1,1.8,2.6,2.5,3.0,build_systems,5_to_10_hrs,none,high_school,logic_architecture,creative_visual,mobile
4.8,4.6,4.4,4.1,2.2,3.0,2.7,1.9,3.7,build_user_facing,10_to_20_hrs,advanced,self_taught,visual_creative,technical_engineering,mobile
2.6,3.1,5.0,4.0,2.0,2.4,3.0,1.9,4.4,build_systems,20_plus_hrs,none,high_school,visual_creative,creative_visual,mobile
3.7,4.4,4.3,3.9,2.0,1.6,2.7,3.4,3.8,build_systems,20_plus_hrs,none,high_school,visual_creative,creative_visual,mobile
4.0,4.7,4.2,4.4,2.5,1.4,2.1,2.5,3.1,build_user_facing,under_5_hrs,basics,cs_degree,logic_architecture,creative_visual,mobile
2.7,4.8,4.8,3.9,2.5,2.3,2.6,2.0,3.8,build_systems,10_to_20_hrs,intermediate,non_cs_degree,visual_creative,technical_engineering,mobile
2.3,5.0,4.2,4.4,1.8,2.4,1.5,2.0,3.0,build_user_facing,5_to_10_hrs,none,high_school,visual_creative,creative_visual,mobile
3.0,4.6,4.3,3.2,2.5,1.0,1.7,2.1,3.4,build_systems,10_to_20_hrs,intermediate,high_school,visual_creative,creative_visual,mobile
2.9,5.0,4.3,4.0,1.9,2.7,2.8,1.8,4.0,build_user_facing,5_to_10_hrs,advanced,self_taught,logic_architecture,creative_visual,mobile
2.7,4.6,4.5,3.2,2.3,2.7,2.5,2.8,4.3,build_user_facing,10_to_20_hrs,basics,cs_degree,visual_creative,technical_engineering,mobile
4.2,4.8,4.5,4.6,1.7,2.7,2.1,2.1,3.8,build_systems,5_to_10_hrs,basics,high_school,visual_creative,creative_visual,mobile
3.8,4.5,4.1,4.3,1.9,2.3,2.2,2.0,3.7,build_systems,under_5_hrs,basics,self_taught,visual_creative,creative_visual,mobile
2.9,4.2,5.0,3.7,2.5,1.3,2.4,2.9,3.8,build_user_facing,under_5_hrs,basics,high_school,visual_creative,technical_engineering,mobile
3.6,5.0,4.1,4.2,2.1,2.4,2.6,2.3,3.2,build_systems,10_to_20_hrs,none,cs_degree,visual_creative,creative_visual,mobile
2.2,4.5,4.9,3.5,2.2,2.6,1.9,1.8,3.4,build_user_facing,20_plus_hrs,basics,non_cs_degree,visual_creative,creative_visual,mobile
3.5,4.4,4.9,4.4,2.6,2.7,2.8,1.5,4.1,build_user_facing,under_5_hrs,none,self_taught,logic_architecture,creative_visual,mobile
2.7,3.9,4.3,4.6,2.3,2.2,2.4,2.9,3.6,build_systems,under_5_hrs,intermediate,high_school,visual_creative,creative_visual,mobile
2.8,4.3,4.6,3.7,1.2,1.4,2.4,1.8,4.0,build_systems,10_to_20_hrs,intermediate,non_cs_degree,visual_creative,technical_engineering,mobile
2.7,4.1,4.4,3.5,3.0,2.1,2.5,2.6,3.4,build_systems,20_plus_hrs,advanced,non_cs_degree,logic_architecture,technical_engineering,mobile
3.0,4.3,4.0,3.9,2.4,2.6,2.8,2.4,4.5,build_user_facing,5_to_10_hrs,none,self_taught,visual_creative,technical_engineering,mobile
2.1,3.5,4.8,4.1,2.3,2.3,2.5,2.9,3.8,build_user_facing,20_plus_hrs,basics,high_school,visual_creative,technical_engineering,mobile
1.7,4.7,4.4,4.4,2.1,2.7,2.4,2.8,3.8,build_user_facing,10_to_20_hrs,advanced,self_taught,visual_creative,technical_engineering,mobile
3.1,4.2,4.6,4.5,2.6,2.0,1.5,2.2,3.5,build_user_facing,under_5_hrs,basics,cs_degree,visual_creative,technical_engineering,mobile
3.1,4.9,4.4,4.1,2.4,3.8,2.0,2.2,3.4,build_user_facing,10_to_20_hrs,none,non_cs_degree,visual_creative,creative_visual,mobile
4.3,4.6,4.7,3.9,1.9,3.0,1.3,2.9,4.6,build_user_facing,under_5_hrs,advanced,cs_degree,visual_creative,creative_visual,mobile
3.8,3.7,4.0,4.1,2.1,2.7,1.9,2.5,4.1,build_user_facing,10_to_20_hrs,intermediate,cs_degree,visual_creative,technical_engineering,mobile
2.4,4.0,3.8,4.5,3.7,3.5,1.5,2.0,3.7,build_user_facing,10_to_20_hrs,advanced,high_school,logic_architecture,technical_engineering,mobile
3.9,4.7,3.5,4.3,1.8,1.9,2.3,2.9,3.9,build_user_facing,5_to_10_hrs,basics,non_cs_degree,visual_creative,technical_engineering,mobile
2.9,4.5,4.0,4.4,2.8,2.6,2.3,2.2,3.4,build_user_facing,10_to_20_hrs,none,self_taught,visual_creative,creative_visual,mobile
3.5,5.0,4.3,3.6,2.3,1.0,1.7,2.5,3.9,build_user_facing,10_to_20_hrs,advanced,cs_degree,visual_creative,creative_visual,mobile
3.8,4.6,4.3,4.1,2.5,2.7,2.6,1.7,3.7,build_systems,under_5_hrs,none,cs_degree,visual_creative,technical_engineering,mobile
2.5,4.7,5.0,3.9,1.7,1.6,2.1,2.8,2.8,build_user_facing,5_to_10_hrs,none,high_school,logic_architecture,technical_engineering,mobile
2.0,4.3,4.2,3.7,2.6,3.2,3.0,2.5,2.1,build_user_facing,under_5_hrs,intermediate,self_taught,visual_creative,creative_visual,mobile
2.4,4.4,4.3,3.8,2.0,1.8,2.5,2.3,3.2,build_systems,10_to_20_hrs,none,non_cs_degree,visual_creative,technical_engineering,mobile
2.0,4.3,4.5,4.2,1.9,2.2,2.1,2.7,4.8,build_user_facing,10_to_20_hrs,none,self_taught,logic_architecture,creative_visual,mobile
2.5,4.6,4.9,3.4,1.8,1.7,2.9,1.5,3.9,build_user_facing,5_to_10_hrs,basics,self_taught,visual_creative,technical_engineering,mobile
3.3,4.0,4.3,3.8,2.0,2.5,2.2,1.4,3.5,build_user_facing,20_plus_hrs,basics,non_cs_degree,visual_creative,creative_visual,mobile
2.3,4.8,4.2,3.7,2.6,2.2,1.7,2.8,3.5,build_user_facing,10_to_20_hrs,basics,cs_degree,visual_creative,creative_visual,mobile
3.9,4.8,4.5,4.0,2.6,3.2,2.2,2.5,4.0,build_systems,5_to_10_hrs,basics,high_school,visual_creative,technical_engineering,mobile
1.4,4.0,4.0,3.6,2.2,2.3,2.6,2.7,4.4,build_user_facing,5_to_10_hrs,none,non_cs_degree,visual_creative,technical_engineering,mobile
4.0,4.3,3.9,3.6,2.4,2.3,2.7,3.4,3.6,build_user_facing,20_plus_hrs,intermediate,non_cs_degree,logic_architecture,technical_engineering,mobile
2.9,4.3,4.8,3.5,2.7,1.5,2.8,2.4,3.6,build_systems,5_to_10_hrs,intermediate,self_taught,visual_creative,technical_engineering,mobile
3.0,4.7,4.3,4.1,1.6,1.0,2.2,2.5,4.2,build_user_facing,10_to_20_hrs,none,cs_degree,logic_architecture,technical_engineering,mobile
2.7,4.2,5.0,4.5,2.2,3.3,2.6,2.1,3.7,build_user_facing,10_to_20_hrs,basics,high_school,logic_architecture,technical_engineering,mobile
1.0,4.0,4.5,3.6,2.2,3.1,2.0,2.1,3.1,build_user_facing,under_5_hrs,none,cs_degree,logic_architecture,technical_engineering,mobile
2.7,4.9,3.3,4.6,1.7,2.6,3.0,1.5,4.1,build_user_facing,10_to_20_hrs,basics,non_cs_degree,visual_creative,creative_visual,mobile
3.5,4.5,4.8,4.4,1.8,2.9,2.3,3.1,4.1,build_systems,20_plus_hrs,none,high_school,logic_architecture,technical_engineering,mobile
3.7,4.5,4.3,4.3,2.5,1.9,1.9,1.8,4.4,build_user_facing,5_to_10_hrs,none,non_cs_degree,visual_creative,technical_engineering,mobile
2.1,4.1,4.3,3.7,3.0,1.7,2.2,2.1,4.5,build_user_facing,10_to_20_hrs,intermediate,cs_degree,visual_creative,creative_visual,mobile
1.5,4.5,4.6,3.7,1.3,2.2,3.1,2.0,3.2,build_user_facing,20_plus_hrs,advanced,non_cs_degree,visual_creative,technical_engineering,mobile
2.6,4.4,4.5,3.6,2.7,2.1,2.7,2.6,3.7,build_systems,under_5_hrs,intermediate,non_cs_degree,logic_architecture,technical_engineering,mobile
2.1,4.4,4.3,3.2,2.1,2.8,2.1,2.0,3.7,build_user_facing,20_plus_hrs,intermediate,non_cs_degree,visual_creative,technical_engineering,mobile
3.6,4.0,4.9,4.3,3.1,2.2,1.8,2.0,3.9,build_user_facing,20_plus_hrs,none,cs_degree,visual_creative,technical_engineering,mobile
3.0,4.1,4.7,3.7,2.1,3.4,2.7,2.4,3.8,build_user_facing,5_to_10_hrs,basics,self_taught,visual_creative,creative_visual,mobile
2.6,3.8,3.5,4.0,2.7,2.5,2.0,1.3,4.1,build_user_facing,10_to_20_hrs,basics,cs_degree,logic_architecture,creative_visual,mobile
3.8,4.9,4.6,3.8,1.9,3.3,2.8,3.2,3.4,build_user_facing,5_to_10_hrs,advanced,high_school,visual_creative,technical_engineering,mobile
3.3,4.4,3.8,4.2,1.8,2.1,2.1,2.1,3.0,build_user_facing,under_5_hrs,basics,non_cs_degree,logic_architecture,creative_visual,mobile
3.1,3.7,4.2,3.6,2.1,3.2,1.7,2.6,3.8,build_user_facing,under_5_hrs,none,cs_degree,visual_creative,creative_visual,mobile
3.0,3.7,4.5,4.5,2.1,2.5,2.0,1.8,3.6,build_user_facing,10_to_20_hrs,intermediate,high_school,visual_creative,technical_engineering,mobile
2.0,4.2,4.3,3.8,2.5,2.8,1.6,2.2,4.3,build_user_facing,under_5_hrs,basics,self_taught,visual_creative,technical_engineering,mobile
3.3,4.1,4.5,4.1,2.3,2.6,2.2,2.6,4.1,build_user_facing,under_5_hrs,none,self_taught,visual_creative,creative_visual,mobile
2.8,3.9,4.2,4.4,3.5,1.9,1.3,3.0,3.2,build_user_facing,20_plus_hrs,intermediate,cs_degree,visual_creative,technical_engineering,mobile
2.7,4.9,4.2,4.6,2.8,1.9,2.3,1.7,3.3,build_user_facing,5_to_10_hrs,none,non_cs_degree,logic_architecture,technical_engineering,mobile
2.2,5.0,4.7,4.5,2.3,2.2,3.0,2.6,3.7,build_user_facing,under_5_hrs,none,cs_degree,logic_architecture,technical_engineering,mobile
4.1,4.1,5.0,4.1,1.7,2.2,1.9,2.1,3.3,build_user_facing,5_to_10_hrs,basics,high_school,visual_creative,technical_engineering,mobile
3.2,4.7,4.8,4.1,2.3,2.2,2.1,2.4,2.4,build_user_facing,under_5_hrs,none,non_cs_degree,visual_creative,technical_engineering,mobile
3.0,3.5,3.8,3.9,2.1,2.0,2.8,3.3,3.4,build_user_facing,5_to_10_hrs,none,non_cs_degree,logic_architecture,creative_visual,mobile
2.7,3.7,4.3,4.5,2.4,1.0,3.0,1.7,3.5,build_systems,under_5_hrs,advanced,cs_degree,visual_creative,creative_visual,mobile
2.5,4.4,4.3,4.2,1.7,2.2,2.4,2.1,3.6,build_user_facing,10_to_20_hrs,advanced,high_school,logic_architecture,creative_visual,mobile
2.3,4.8,4.2,3.5,2.2,2.0,2.0,1.6,3.4,build_user_facing,10_to_20_hrs,basics,non_cs_degree,logic_architecture,technical_engineering,mobile
2.6,4.3,3.8,4.3,2.4,2.8,2.3,1.4,3.8,build_user_facing,5_to_10_hrs,none,cs_degree,visual_creative,technical_engineering,mobile
1.9,4.3,3.8,4.1,2.8,1.3,2.1,1.6,3.1,build_systems,10_to_20_hrs,intermediate,high_school,visual_creative,technical_engineering,mobile
3.2,5.0,4.4,4.2,1.8,1.8,3.1,1.7,4.1,build_user_facing,10_to_20_hrs,basics,high_school,logic_architecture,technical_engineering,mobile
2.2,4.6,4.1,3.7,1.7,1.8,1.9,2.4,3.8,build_user_facing,10_to_20_hrs,intermediate,self_taught,visual_creative,technical_engineering,mobile
2.6,4.4,4.1,3.3,3.0,2.4,1.8,2.1,3.8,build_systems,10_to_20_hrs,advanced,self_taught,logic_architecture,creative_visual,mobile
2.9,4.3,4.3,3.8,2.0,3.2,1.8,2.4,3.6,build_user_facing,10_to_20_hrs,intermediate,cs_degree,visual_creative,creative_visual,mobile
3.3,4.6,4.8,4.4,2.7,2.1,2.9,2.5,3.7,build_user_facing,5_to_10_hrs,intermediate,self_taught,visual_creative,technical_engineering,mobile
2.7,4.5,4.4,4.5,2.1,2.3,2.1,2.5,3.5,build_user_facing,10_to_20_hrs,none,non_cs_degree,logic_architecture,technical_engineering,mobile
3.1,4.6,4.4,4.0,2.3,1.8,2.8,1.6,4.6,build_user_facing,20_plus_hrs,none,high_school,logic_architecture,creative_visual,mobile
2.0,4.1,4.8,3.8,2.0,2.9,2.3,3.1,4.6,build_systems,under_5_hrs,basics,cs_degree,visual_creative,technical_engineering,mobile
2.1,4.1,4.7,4.2,1.9,2.0,1.8,1.7,3.9,build_user_facing,5_to_10_hrs,basics,self_taught,visual_creative,creative_visual,mobile
3.1,4.2,4.3,3.8,2.2,1.9,2.2,2.6,4.4,build_systems,5_to_10_hrs,none,self_taught,visual_creative,technical_engineering,mobile
2.2,4.0,4.1,4.6,2.0,2.6,2.0,2.0,3.8,build_user_facing,20_plus_hrs,none,high_school,visual_creative,technical_engineering,mobile
3.1,4.0,4.4,3.8,1.7,2.1,2.3,2.3,4.1,build_user_facing,10_to_20_hrs,intermediate,non_cs_degree,visual_creative,creative_visual,mobile
2.8,4.6,4.5,3.6,2.6,1.1,2.8,3.2,3.7,build_systems,5_to_10_hrs,none,self_taught,visual_creative,technical_engineering,mobile
2.9,4.7,4.8,3.8,1.6,2.1,1.3,2.4,3.3,build_systems,under_5_hrs,none,cs_degree,visual_creative,creative_visual,mobile
1.7,4.5,4.4,4.4,2.5,2.3,2.2,1.8,4.5,build_user_facing,20_plus_hrs,intermediate,cs_degree,visual_creative,creative_visual,mobile
2.8,4.5,4.9,4.2,3.1,1.7,2.2,2.4,3.5,build_systems,5_to_10_hrs,advanced,self_taught,visual_creative,creative_visual,mobile
2.5,4.0,4.7,4.2,2.7,1.3,2.7,2.7,3.3,build_user_facing,10_to_20_hrs,none,high_school,visual_creative,technical_engineering,mobile
3.7,4.8,4.3,3.5,2.0,3.0,2.4,2.4,3.2,build_systems,under_5_hrs,none,high_school,visual_creative,creative_visual,mobile
3.3,4.7,3.6,3.5,2.6,2.6,2.4,2.9,3.6,build_user_facing,5_to_10_hrs,advanced,non_cs_degree,logic_architecture,technical_engineering,mobile
2.6,4.5,4.3,3.9,1.5,1.1,2.5,2.2,3.4,build_user_facing,10_to_20_hrs,intermediate,cs_degree,visual_creative,technical_engineering,mobile
2.1,3.8,4.1,4.9,2.4,3.1,2.7,1.8,3.7,build_systems,under_5_hrs,basics,self_taught,visual_creative,technical_engineering,mobile
2.4,4.4,4.7,4.0,2.4,1.6,2.6,2.6,3.5,build_systems,20_plus_hrs,intermediate,self_taught,visual_creative,creative_visual,mobile
1.8,4.4,4.5,4.4,2.1,1.9,2.4,3.5,3.4,build_systems,20_plus_hrs,intermediate,cs_degree,logic_architecture,creative_visual,mobile
3.0,4.6,4.2,4.0,1.7,2.3,1.5,1.6,3.1,build_user_facing,20_plus_hrs,advanced,self_taught,visual_creative,creative_visual,mobile
3.6,4.2,4.7,3.5,2.2,2.3,2.5,2.2,4.0,build_systems,10_to_20_hrs,advanced,cs_degree,visual_creative,technical_engineering,mobile
2.2,4.6,4.6,4.2,2.4,1.4,2.4,2.3,3.7,build_user_facing,5_to_10_hrs,none,cs_degree,visual_creative,creative_visual,mobile
3.0,3.9,4.4,4.3,2.5,2.5,2.5,1.7,5.0,build_user_facing,under_5_hrs,none,non_cs_degree,logic_architecture,creative_visual,mobile
3.3,4.4,4.0,3.9,3.1,1.5,2.3,2.2,4.1,build_systems,5_to_10_hrs,basics,cs_degree,logic_architecture,creative_visual,mobile
2.9,4.4,4.7,3.9,2.5,2.4,2.1,2.8,3.9,build_user_facing,under_5_hrs,intermediate,high_school,visual_creative,technical_engineering,mobile
3.3,4.4,3.9,4.0,2.2,1.9,2.4,1.7,3.7,build_systems,5_to_10_hrs,advanced,self_taught,logic_architecture,technical_engineering,mobile
2.6,3.9,4.0,4.2,2.2,2.4,2.7,2.1,4.1,build_user_facing,20_plus_hrs,basics,cs_degree,visual_creative,creative_visual,mobile
2.7,4.5,4.4,4.1,1.9,2.6,2.8,2.8,3.9,build_systems,10_to_20_hrs,intermediate,cs_degree,logic_architecture,technical_engineering,mobile
3.3,3.9,5.0,4.4,2.3,2.5,2.0,2.7,4.2,build_user_facing,20_plus_hrs,intermediate,self_taught,logic_architecture,creative_visual,mobile
3.1,4.2,3.8,4.3,2.6,2.1,2.1,2.3,3.8,build_user_facing,20_plus_hrs,basics,high_school,visual_creative,technical_engineering,mobile
2.6,4.0,3.8,4.1,2.3,1.9,2.2,3.0,3.3,build_systems,10_to_20_hrs,basics,non_cs_degree,logic_architecture,technical_engineering,mobile
2.6,4.3,4.0,3.7,3.0,2.6,2.6,2.0,3.9,build_user_facing,5_to_10_hrs,advanced,non_cs_degree,visual_creative,technical_engineering,mobile
3.7,4.6,4.3,4.2,3.3,2.9,1.9,2.6,3.8,build_user_facing,20_plus_hrs,basics,high_school,visual_creative,creative_visual,mobile
3.0,3.3,4.2,4.6,1.5,1.9,2.0,2.3,3.4,build_systems,under_5_hrs,basics,self_taught,logic_architecture,technical_engineering,mobile
2.9,4.5,4.4,3.9,3.3,2.9,2.4,2.8,3.5,build_systems,5_to_10_hrs,none,high_school,visual_creative,technical_engineering,mobile
3.8,4.1,4.2,3.8,1.8,3.3,1.6,1.9,4.8,build_user_facing,10_to_20_hrs,advanced,non_cs_degree,visual_creative,creative_visual,mobile
3.5,4.0,4.6,4.0,2.0,2.1,2.7,2.7,4.1,build_user_facing,under_5_hrs,intermediate,self_taught,visual_creative,creative_visual,mobile
2.4,4.7,4.4,4.4,1.8,2.6,2.6,2.7,4.3,build_user_facing,5_to_10_hrs,basics,self_taught,logic_architecture,technical_engineering,mobile
2.4,4.5,4.3,4.5,2.7,2.1,2.0,1.3,3.7,build_user_facing,10_to_20_hrs,intermediate,non_cs_degree,visual_creative,creative_visual,mobile
2.3,4.0,4.0,3.9,3.4,1.7,1.0,2.1,3.7,build_user_facing,under_5_hrs,basics,self_taught,visual_creative,technical_engineering,mobile
2.6,4.3,4.2,4.0,1.8,2.0,2.3,2.5,4.5,build_systems,5_to_10_hrs,advanced,non_cs_degree,visual_creative,creative_visual,mobile
2.1,4.2,4.6,4.6,1.8,2.9,2.3,1.3,4.1,build_systems,5_to_10_hrs,advanced,high_school,visual_creative,technical_engineering,mobile
3.9,4.1,4.9,3.5,2.0,4.1,1.4,2.1,3.4,build_systems,under_5_hrs,advanced,cs_degree,visual_creative,technical_engineering,mobile
2.8,4.2,4.5,4.1,2.7,2.8,1.7,2.1,3.7,build_user_facing,under_5_hrs,none,cs_degree,visual_creative,technical_engineering,mobile
3.6,4.6,4.4,3.2,1.7,2.4,2.5,1.9,3.2,build_systems,10_to_20_hrs,advanced,self_taught,visual_creative,technical_engineering,mobile
4.2,4.7,3.8,3.6,2.4,1.8,1.7,2.5,4.1,build_user_facing,20_plus_hrs,advanced,non_cs_degree,visual_creative,technical_engineering,mobile
2.8,3.8,5.0,4.6,1.2,1.7,2.3,2.4,3.8,build_user_facing,20_plus_hrs,none,non_cs_degree,visual_creative,creative_visual,mobile
2.4,3.4,4.9,4.0,1.3,3.2,2.4,2.1,4.3,build_user_facing,10_to_20_hrs,basics,high_school,visual_creative,creative_visual,mobile
2.2,4.3,4.3,3.6,2.7,2.5,3.7,2.2,3.5,build_user_facing,under_5_hrs,basics,self_taught,visual_creative,technical_engineering,mobile
2.7,3.8,4.4,3.7,1.9,2.3,2.7,2.5,2.8,build_user_facing,under_5_hrs,intermediate,high_school,visual_creative,creative_visual,mobile
3.0,4.3,4.3,3.9,1.9,2.8,2.2,2.4,4.2,build_systems,10_to_20_hrs,basics,cs_degree,visual_creative,technical_engineering,mobile
2.6,4.4,4.3,3.9,1.9,2.5,2.2,2.8,4.0,build_systems,under_5_hrs,advanced,non_cs_degree,visual_creative,creative_visual,mobile
2.8,4.3,5.0,4.2,3.8,2.4,2.4,2.6,3.9,build_user_facing,20_plus_hrs,basics,cs_degree,logic_architecture,creative_visual,mobile
3.3,4.4,3.6,4.1,2.7,2.4,2.2,1.0,4.4,build_systems,10_to_20_hrs,intermediate,cs_degree,logic_architecture,creative_visual,mobile
2.6,4.2,4.0,4.6,2.4,1.9,2.0,1.9,3.6,build_user_facing,10_to_20_hrs,none,non_cs_degree,visual_creative,technical_engineering,mobile
2.6,3.9,4.0,4.4,2.2,2.4,1.9,2.2,3.3,build_user_facing,10_to_20_hrs,none,cs_degree,visual_creative,technical_engineering,mobile
3.0,4.4,4.8,4.6,2.3,1.9,1.5,1.5,3.8,build_user_facing,20_plus_hrs,none,cs_degree,visual_creative,technical_engineering,mobile
4.2,2.4,3.5,4.8,5.0,1.5,1.8,4.5,3.1,research_models,10_to_20_hrs,none,non_cs_degree,visual_creative,creative_visual,data_analyst
3.6,2.4,3.0,3.7,4.3,1.0,1.6,4.3,4.0,analyze_data,5_to_10_hrs,advanced,non_cs_degree,data_investigative,creative_visual,data_analyst
3.6,3.8,3.0,3.8,5.0,1.2,2.1,3.6,3.0,research_models,5_to_10_hrs,advanced,non_cs_degree,data_investigative,analytical_data,data_analyst
3.8,1.0,3.2,4.2,4.9,1.6,1.8,4.0,2.8,research_models,10_to_20_hrs,none,non_cs_degree,data_investigative,analytical_data,data_analyst
4.7,3.9,3.3,3.9,4.3,2.2,1.6,4.5,2.9,analyze_data,10_to_20_hrs,basics,self_taught,data_investigative,analytical_data,data_analyst
4.6,3.6,2.9,4.2,4.6,2.7,2.7,4.3,3.6,analyze_data,20_plus_hrs,intermediate,high_school,data_investigative,analytical_data,data_analyst
3.4,2.0,2.4,3.9,4.5,2.1,1.7,3.6,3.6,analyze_data,20_plus_hrs,intermediate,cs_degree,data_investigative,analytical_data,data_analyst
4.3,2.9,3.7,3.4,4.8,2.7,1.7,2.9,2.9,analyze_data,5_to_10_hrs,advanced,non_cs_degree,visual_creative,analytical_data,data_analyst
3.5,2.5,3.4,4.2,4.2,2.4,1.3,4.5,2.9,research_models,under_5_hrs,intermediate,high_school,data_investigative,analytical_data,data_analyst
4.7,3.9,3.1,5.0,4.9,1.6,1.4,4.0,3.2,research_models,5_to_10_hrs,basics,high_school,visual_creative,creative_visual,data_analyst
3.8,3.2,3.7,4.5,4.9,2.7,2.4,3.8,3.5,research_models,20_plus_hrs,none,non_cs_degree,data_investigative,analytical_data,data_analyst
3.9,3.2,4.1,4.5,4.7,1.0,1.7,4.6,2.9,research_models,20_plus_hrs,advanced,non_cs_degree,visual_creative,analytical_data,data_analyst
4.5,2.6,4.1,2.9,5.0,1.7,1.7,4.3,3.5,research_models,5_to_10_hrs,intermediate,high_school,data_investigative,creative_visual,data_analyst
3.3,2.9,3.1,4.2,5.0,2.0,2.0,4.3,3.0,analyze_data,under_5_hrs,intermediate,high_school,data_investigative,analytical_data,data_analyst
3.7,2.8,3.3,4.0,4.6,2.0,1.7,3.6,3.6,analyze_data,under_5_hrs,advanced,self_taught,visual_creative,creative_visual,data_analyst
3.6,3.7,3.6,4.4,4.9,1.2,1.7,4.6,3.2,analyze_data,5_to_10_hrs,intermediate,self_taught,visual_creative,analytical_data,data_analyst
4.3,2.1,4.6,4.4,4.4,1.3,2.1,3.9,3.7,analyze_data,10_to_20_hrs,basics,high_school,data_investigative,creative_visual,data_analyst
3.8,1.8,3.5,3.9,4.7,2.4,2.8,3.9,3.8,analyze_data,under_5_hrs,intermediate,non_cs_degree,visual_creative,analytical_data,data_analyst
3.5,3.2,3.3,4.4,4.6,1.9,2.1,3.8,3.2,analyze_data,10_to_20_hrs,intermediate,non_cs_degree,data_investigative,analytical_data,data_analyst
4.9,2.5,3.3,4.3,4.3,1.6,1.4,4.7,3.4,analyze_data,5_to_10_hrs,none,self_taught,visual_creative,analytical_data,data_analyst
3.0,2.7,3.4,3.5,4.6,1.8,2.2,3.8,3.6,analyze_data,20_plus_hrs,basics,non_cs_degree,data_investigative,creative_visual,data_analyst
3.9,2.4,3.7,3.7,4.7,1.8,1.7,3.7,3.7,research_models,under_5_hrs,intermediate,non_cs_degree,data_investigative,analytical_data,data_analyst
4.4,3.0,3.8,3.8,4.3,1.6,1.6,4.3,3.2,analyze_data,under_5_hrs,advanced,non_cs_degree,data_investigative,analytical_data,data_analyst
4.1,3.0,3.0,4.1,4.4,2.2,1.8,4.0,3.2,analyze_data,5_to_10_hrs,advanced,self_taught,data_investigative,analytical_data,data_analyst
4.0,3.5,2.7,4.7,4.6,1.9,1.0,3.8,3.7,analyze_data,20_plus_hrs,intermediate,non_cs_degree,data_investigative,analytical_data,data_analyst
4.2,2.6,2.7,3.3,5.0,1.6,1.6,5.0,3.2,analyze_data,5_to_10_hrs,basics,self_taught,data_investigative,analytical_data,data_analyst
4.5,1.8,2.5,3.8,4.8,1.4,1.4,3.8,4.2,research_models,5_to_10_hrs,intermediate,non_cs_degree,data_investigative,analytical_data,data_analyst
3.4,2.3,3.0,3.8,4.5,2.0,2.1,5.0,3.2,research_models,10_to_20_hrs,advanced,non_cs_degree,data_investigative,analytical_data,data_analyst
4.5,3.0,3.7,4.4,4.8,1.1,1.9,3.7,3.6,research_models,20_plus_hrs,basics,non_cs_degree,data_investigative,creative_visual,data_analyst
4.8,2.7,3.1,3.6,4.2,1.3,2.6,4.1,3.3,analyze_data,10_to_20_hrs,intermediate,cs_degree,data_investigative,analytical_data,data_analyst
3.5,1.9,2.4,5.0,4.1,2.0,1.3,4.2,3.0,analyze_data,under_5_hrs,advanced,non_cs_degree,visual_creative,creative_visual,data_analyst
5.0,3.4,3.3,4.9,4.9,1.2,2.0,4.2,4.1,analyze_data,5_to_10_hrs,intermediate,non_cs_degree,visual_creative,analytical_data,data_analyst
4.2,3.2,3.2,4.4,5.0,1.3,1.3,4.1,3.9,analyze_data,under_5_hrs,basics,high_school,visual_creative,analytical_data,data_analyst
4.7,3.8,2.8,4.4,4.5,1.0,1.8,4.2,3.3,analyze_data,under_5_hrs,basics,cs_degree,visual_creative,analytical_data,data_analyst
4.0,4.1,4.0,3.5,4.8,2.2,2.2,4.1,4.5,analyze_data,5_to_10_hrs,basics,non_cs_degree,data_investigative,analytical_data,data_analyst
3.9,2.6,2.5,4.7,4.7,2.2,1.4,4.5,2.7,analyze_data,under_5_hrs,intermediate,cs_degree,data_investigative,creative_visual,data_analyst
3.6,2.6,3.3,5.0,4.7,1.3,2.8,4.2,3.8,analyze_data,20_plus_hrs,basics,self_taught,data_investigative,creative_visual,data_analyst
4.5,3.0,3.2,4.1,4.9,1.7,2.2,4.4,3.0,analyze_data,5_to_10_hrs,none,cs_degree,data_investigative,analytical_data,data_analyst
3.7,2.2,2.9,4.8,4.4,2.9,2.2,4.0,3.4,analyze_data,5_to_10_hrs,none,non_cs_degree,visual_creative,creative_visual,data_analyst
3.6,3.0,3.9,4.6,4.8,2.1,2.4,4.3,3.2,research_models,20_plus_hrs,advanced,high_school,data_investigative,analytical_data,data_analyst
3.8,2.9,2.9,3.8,4.8,2.5,2.1,4.0,3.5,analyze_data,5_to_10_hrs,advanced,cs_degree,visual_creative,analytical_data,data_analyst
3.6,3.2,2.7,4.3,4.4,1.6,1.9,3.8,2.4,research_models,under_5_hrs,advanced,high_school,data_investigative,analytical_data,data_analyst
2.7,2.9,3.0,4.8,4.5,2.0,1.4,3.7,1.7,analyze_data,under_5_hrs,advanced,high_school,data_investigative,analytical_data,data_analyst
3.5,3.4,3.2,4.1,4.0,2.1,2.5,4.2,2.2,analyze_data,20_plus_hrs,advanced,self_taught,data_investigative,creative_visual,data_analyst
2.7,3.6,2.7,4.8,4.7,2.2,1.7,5.0,2.7,analyze_data,20_plus_hrs,advanced,cs_degree,visual_creative,creative_visual,data_analyst
3.4,2.5,3.5,4.4,4.4,1.0,2.1,5.0,3.7,analyze_data,under_5_hrs,advanced,high_school,visual_creative,creative_visual,data_analyst
3.2,1.7,3.6,3.8,4.4,2.2,1.6,3.5,4.1,analyze_data,5_to_10_hrs,none,high_school,data_investigative,creative_visual,data_analyst
4.1,3.2,3.1,4.4,4.8,1.0,2.1,4.3,3.3,analyze_data,10_to_20_hrs,none,non_cs_degree,visual_creative,analytical_data,data_analyst
3.8,2.4,3.0,4.7,4.0,2.4,1.1,4.0,3.2,analyze_data,under_5_hrs,none,high_school,data_investigative,analytical_data,data_analyst
4.0,2.9,3.3,4.3,4.8,2.0,2.1,4.2,2.8,research_models,10_to_20_hrs,advanced,cs_degree,visual_creative,analytical_data,data_analyst
4.2,2.6,3.9,4.3,4.9,1.0,1.6,4.7,3.4,analyze_data,20_plus_hrs,intermediate,self_taught,data_investigative,analytical_data,data_analyst
3.7,3.6,3.5,4.2,4.7,1.0,2.5,3.9,2.9,analyze_data,5_to_10_hrs,intermediate,cs_degree,visual_creative,creative_visual,data_analyst
3.8,3.7,3.3,4.3,4.0,2.1,1.5,4.1,4.4,analyze_data,under_5_hrs,intermediate,cs_degree,data_investigative,analytical_data,data_analyst
3.8,2.9,2.7,4.5,4.0,1.7,3.1,4.5,3.2,analyze_data,under_5_hrs,none,self_taught,visual_creative,creative_visual,data_analyst
4.1,2.7,3.6,3.9,4.8,3.1,1.9,4.8,3.0,analyze_data,20_plus_hrs,intermediate,high_school,data_investigative,analytical_data,data_analyst
3.1,3.4,3.3,4.1,4.0,2.0,1.0,3.6,3.2,analyze_data,10_to_20_hrs,intermediate,high_school,data_investigative,analytical_data,data_analyst
4.2,3.5,3.1,3.5,4.9,1.3,2.4,3.9,3.8,research_models,5_to_10_hrs,none,cs_degree,data_investigative,analytical_data,data_analyst
2.9,2.8,3.5,3.2,4.5,1.9,1.3,4.5,3.0,research_models,under_5_hrs,basics,high_school,data_investigative,analytical_data,data_analyst
4.6,2.1,1.9,4.1,4.6,2.3,1.0,4.7,3.6,analyze_data,5_to_10_hrs,intermediate,high_school,visual_creative,analytical_data,data_analyst
2.3,3.1,2.9,4.4,4.7,1.9,1.9,4.8,3.4,analyze_data,5_to_10_hrs,advanced,cs_degree,data_investigative,analytical_data,data_analyst
4.2,3.8,3.4,4.3,4.4,1.8,1.3,4.4,3.2,research_models,5_to_10_hrs,none,cs_degree,data_investigative,analytical_data,data_analyst
4.0,3.2,2.4,3.9,4.4,1.6,1.0,3.9,3.5,analyze_data,5_to_10_hrs,intermediate,cs_degree,visual_creative,creative_visual,data_analyst
3.9,2.0,3.1,5.0,4.9,2.0,1.7,3.9,4.1,analyze_data,20_plus_hrs,advanced,non_cs_degree,data_investigative,creative_visual,data_analyst
3.5,3.0,3.3,4.4,4.7,1.7,1.8,3.8,2.9,analyze_data,under_5_hrs,intermediate,non_cs_degree,data_investigative,analytical_data,data_analyst
4.0,2.9,2.7,5.0,4.3,2.2,1.0,4.1,3.8,analyze_data,20_plus_hrs,basics,high_school,data_investigative,creative_visual,data_analyst
3.4,2.1,4.8,2.8,4.3,1.2,1.1,4.7,3.3,analyze_data,10_to_20_hrs,intermediate,non_cs_degree,data_investigative,analytical_data,data_analyst
3.6,2.9,3.3,3.9,4.4,2.3,2.1,5.0,3.0,analyze_data,10_to_20_hrs,none,cs_degree,visual_creative,analytical_data,data_analyst
3.5,2.6,3.9,4.2,4.5,2.2,2.6,4.3,3.1,analyze_data,20_plus_hrs,intermediate,non_cs_degree,data_investigative,creative_visual,data_analyst
3.4,3.4,3.5,4.9,4.3,2.4,2.1,4.8,3.3,research_models,5_to_10_hrs,advanced,self_taught,data_investigative,creative_visual,data_analyst
4.2,1.7,3.2,4.8,4.5,2.3,1.2,3.6,3.6,analyze_data,under_5_hrs,basics,non_cs_degree,data_investigative,creative_visual,data_analyst
3.9,2.9,3.5,4.1,4.7,1.5,2.1,3.8,3.5,analyze_data,20_plus_hrs,advanced,high_school,data_investigative,analytical_data,data_analyst
3.8,4.0,2.9,4.6,4.8,1.0,1.4,4.8,2.7,analyze_data,5_to_10_hrs,advanced,high_school,data_investigative,creative_visual,data_analyst
3.3,3.5,2.6,3.5,5.0,2.3,1.9,4.3,2.9,analyze_data,20_plus_hrs,none,self_taught,data_investigative,analytical_data,data_analyst
4.2,2.4,2.7,4.6,4.7,1.8,1.4,3.6,3.4,analyze_data,10_to_20_hrs,basics,non_cs_degree,data_investigative,analytical_data,data_analyst
4.2,2.4,2.8,4.0,4.6,1.8,2.1,5.0,2.9,analyze_data,under_5_hrs,intermediate,cs_degree,data_investigative,analytical_data,data_analyst
4.3,3.2,2.5,5.0,4.2,2.3,2.1,4.4,2.8,research_models,5_to_10_hrs,intermediate,cs_degree,data_investigative,analytical_data,data_analyst
3.7,4.6,3.0,3.9,5.0,1.9,2.2,4.8,3.7,analyze_data,under_5_hrs,advanced,cs_degree,data_investigative,creative_visual,data_analyst
4.0,1.7,2.2,4.2,4.3,1.6,2.6,4.5,3.2,analyze_data,20_plus_hrs,intermediate,self_taught,visual_creative,creative_visual,data_analyst
3.4,2.3,3.3,4.3,4.5,2.0,1.7,3.9,3.4,analyze_data,20_plus_hrs,basics,self_taught,data_investigative,analytical_data,data_analyst
3.5,3.1,4.2,4.6,4.7,2.2,1.1,4.7,2.5,analyze_data,20_plus_hrs,advanced,high_school,data_investigative,analytical_data,data_analyst
4.1,1.2,3.5,3.9,4.6,2.1,1.8,3.2,2.7,analyze_data,5_to_10_hrs,basics,non_cs_degree,data_investigative,analytical_data,data_analyst
3.3,3.1,3.5,4.5,4.5,2.1,1.7,3.6,3.2,analyze_data,under_5_hrs,intermediate,self_taught,visual_creative,analytical_data,data_analyst
3.8,3.0,3.2,3.7,4.3,1.6,2.1,5.0,3.0,research_models,under_5_hrs,basics,non_cs_degree,visual_creative,analytical_data,data_analyst
4.3,3.0,3.3,4.3,4.5,1.4,1.7,4.2,3.7,analyze_data,5_to_10_hrs,intermediate,cs_degree,visual_creative,creative_visual,data_analyst
3.3,3.1,2.5,3.4,4.1,2.3,1.3,3.1,3.6,analyze_data,under_5_hrs,advanced,self_taught,visual_creative,analytical_data,data_analyst
4.8,3.3,3.1,4.9,4.4,1.7,2.4,4.8,2.8,analyze_data,10_to_20_hrs,intermediate,cs_degree,visual_creative,creative_visual,data_analyst
3.5,4.0,2.9,3.7,4.7,1.3,2.5,3.9,3.2,analyze_data,20_plus_hrs,none,high_school,data_investigative,analytical_data,data_analyst
3.1,3.0,3.2,4.9,4.8,1.9,1.1,4.8,3.1,analyze_data,10_to_20_hrs,basics,high_school,data_investigative,creative_visual,data_analyst
3.8,3.0,2.8,4.1,4.5,2.5,2.7,4.7,4.6,analyze_data,under_5_hrs,intermediate,cs_degree,data_investigative,creative_visual,data_analyst
3.2,2.8,3.8,4.2,4.9,2.1,1.9,4.7,2.8,analyze_data,under_5_hrs,intermediate,cs_degree,data_investigative,creative_visual,data_analyst
4.6,3.0,3.4,4.5,4.4,1.0,2.1,3.9,2.9,analyze_data,10_to_20_hrs,none,self_taught,visual_creative,analytical_data,data_analyst
4.8,2.4,3.1,3.7,4.4,2.3,1.2,4.5,2.7,research_models,20_plus_hrs,intermediate,cs_degree,data_investigative,analytical_data,data_analyst
4.6,3.4,3.3,3.9,4.1,1.5,1.8,4.3,3.8,research_models,10_to_20_hrs,basics,high_school,data_investigative,analytical_data,data_analyst
3.5,3.9,2.4,4.7,5.0,2.1,1.6,5.0,3.5,analyze_data,5_to_10_hrs,basics,self_taught,data_investigative,analytical_data,data_analyst
3.5,2.7,3.7,3.5,4.3,1.8,1.9,4.0,3.3,analyze_data,5_to_10_hrs,none,self_taught,visual_creative,analytical_data,data_analyst
4.1,2.4,3.5,3.9,4.7,2.0,2.1,3.5,2.9,analyze_data,10_to_20_hrs,none,high_school,visual_creative,analytical_data,data_analyst
4.8,3.9,3.3,4.0,4.6,1.3,1.8,3.8,3.6,research_models,20_plus_hrs,basics,self_taught,data_investigative,analytical_data,data_analyst
3.3,3.3,2.9,3.3,4.7,1.6,2.0,3.8,3.1,analyze_data,under_5_hrs,none,cs_degree,data_investigative,creative_visual,data_analyst
3.3,3.1,4.2,4.3,4.1,2.0,1.0,2.6,3.3,analyze_data,5_to_10_hrs,basics,self_taught,visual_creative,creative_visual,data_analyst
3.4,3.3,3.3,4.4,4.4,1.2,1.4,3.8,3.4,analyze_data,5_to_10_hrs,none,non_cs_degree,data_investigative,analytical_data,data_analyst
4.2,2.5,2.6,4.8,4.7,1.8,1.2,5.0,3.4,analyze_data,under_5_hrs,basics,non_cs_degree,data_investigative,creative_visual,data_analyst
4.0,3.6,3.7,4.5,4.5,2.6,2.7,4.1,3.2,analyze_data,under_5_hrs,basics,non_cs_degree,visual_creative,creative_visual,data_analyst
3.1,2.3,3.8,4.8,4.5,2.2,2.6,3.9,3.3,analyze_data,10_to_20_hrs,basics,high_school,data_investigative,analytical_data,data_analyst
3.3,3.8,3.9,3.9,4.8,2.1,1.9,4.3,3.7,analyze_data,20_plus_hrs,intermediate,cs_degree,visual_creative,analytical_data,data_analyst
3.7,3.5,3.2,5.0,4.3,2.3,1.6,4.0,3.9,analyze_data,20_plus_hrs,basics,self_taught,data_investigative,analytical_data,data_analyst
3.7,3.1,3.6,4.8,5.0,1.7,1.7,4.8,2.9,research_models,under_5_hrs,none,self_taught,data_investigative,analytical_data,data_analyst
3.5,3.3,3.6,4.6,4.8,1.0,1.8,3.9,3.2,analyze_data,under_5_hrs,advanced,self_taught,visual_creative,analytical_data,data_analyst
4.3,2.1,3.8,4.1,4.5,1.5,1.5,4.9,3.6,analyze_data,10_to_20_hrs,intermediate,self_taught,visual_creative,creative_visual,data_analyst
4.2,3.9,3.7,4.6,4.5,2.3,2.7,4.4,3.6,analyze_data,10_to_20_hrs,basics,high_school,visual_creative,analytical_data,data_analyst
3.5,3.6,3.6,4.9,4.5,2.3,1.4,4.2,3.0,analyze_data,under_5_hrs,advanced,high_school,visual_creative,analytical_data,data_analyst
3.7,3.2,3.5,3.9,4.6,1.5,1.5,4.3,3.1,analyze_data,20_plus_hrs,basics,non_cs_degree,data_investigative,analytical_data,data_analyst
3.2,2.7,3.0,4.4,4.5,2.5,2.4,4.9,3.3,analyze_data,5_to_10_hrs,basics,high_school,data_investigative,creative_visual,data_analyst
3.6,3.3,3.2,4.4,4.5,1.1,1.7,4.4,4.0,analyze_data,20_plus_hrs,intermediate,cs_degree,data_investigative,analytical_data,data_analyst
3.5,3.8,3.4,5.0,4.6,1.7,1.6,4.0,2.8,analyze_data,5_to_10_hrs,basics,non_cs_degree,data_investigative,creative_visual,data_analyst
2.7,2.5,2.5,4.1,4.9,1.6,2.0,4.0,3.2,analyze_data,5_to_10_hrs,advanced,cs_degree,visual_creative,analytical_data,data_analyst
3.8,2.9,3.7,4.1,4.7,1.7,2.0,5.0,3.4,analyze_data,5_to_10_hrs,advanced,high_school,data_investigative,creative_visual,data_analyst
3.7,3.5,3.5,4.5,4.6,1.8,1.6,4.8,3.3,research_models,under_5_hrs,none,high_school,data_investigative,analytical_data,data_analyst
4.1,3.2,3.2,3.5,4.3,1.8,1.7,3.7,2.4,analyze_data,5_to_10_hrs,basics,non_cs_degree,visual_creative,creative_visual,data_analyst
3.7,2.9,3.4,4.8,4.6,1.0,1.6,4.1,3.5,analyze_data,5_to_10_hrs,intermediate,self_taught,data_investigative,creative_visual,data_analyst
4.2,3.0,3.6,4.2,4.4,2.0,1.8,3.2,3.7,analyze_data,under_5_hrs,none,cs_degree,visual_creative,creative_visual,data_analyst
3.6,2.1,2.6,4.6,5.0,2.1,1.8,3.8,3.2,analyze_data,5_to_10_hrs,basics,cs_degree,data_investigative,analytical_data,data_analyst
3.6,3.4,3.4,3.8,4.4,1.3,1.0,3.7,2.9,analyze_data,under_5_hrs,intermediate,non_cs_degree,data_investigative,analytical_data,data_analyst
4.4,2.8,3.6,4.5,3.9,1.7,2.5,4.6,2.5,analyze_data,5_to_10_hrs,intermediate,high_school,data_investigative,analytical_data,data_analyst
3.6,2.6,3.6,4.8,4.4,1.0,1.8,4.4,3.5,analyze_data,under_5_hrs,none,self_taught,visual_creative,analytical_data,data_analyst
3.4,3.5,1.7,4.0,4.8,2.3,2.5,4.7,2.2,analyze_data,under_5_hrs,basics,cs_degree,visual_creative,analytical_data,data_analyst
4.2,4.2,3.8,4.6,4.6,1.6,1.6,4.2,2.2,analyze_data,5_to_10_hrs,none,self_taught,data_investigative,analytical_data,data_analyst
3.3,3.1,2.8,4.4,4.4,1.4,2.5,4.3,2.9,analyze_data,20_plus_hrs,advanced,self_taught,visual_creative,analytical_data,data_analyst
3.4,3.0,3.1,4.1,4.3,1.5,1.9,4.9,3.8,analyze_data,10_to_20_hrs,advanced,non_cs_degree,data_investigative,creative_visual,data_analyst
4.0,3.3,4.0,4.6,4.1,1.8,2.0,3.4,2.7,analyze_data,under_5_hrs,basics,non_cs_degree,data_investigative,analytical_data,data_analyst
3.9,2.3,3.2,3.9,4.5,1.7,2.7,4.4,4.0,analyze_data,under_5_hrs,intermediate,high_school,data_investigative,analytical_data,data_analyst
3.8,3.0,3.7,4.2,4.8,1.8,2.0,4.2,4.0,research_models,20_plus_hrs,advanced,high_school,data_investigative,analytical_data,data_analyst
4.4,1.9,3.5,4.2,4.6,1.9,2.6,5.0,3.5,research_models,10_to_20_hrs,none,high_school,data_investigative,creative_visual,data_analyst
3.6,3.0,3.5,4.0,4.6,2.6,1.8,3.5,4.0,analyze_data,5_to_10_hrs,intermediate,self_taught,data_investigative,creative_visual,data_analyst
3.4,2.5,3.6,3.1,5.0,2.2,1.5,4.6,2.5,research_models,under_5_hrs,none,self_taught,data_investigative,analytical_data,data_analyst
4.0,1.5,2.9,4.7,4.4,1.2,1.3,3.6,3.2,analyze_data,20_plus_hrs,none,self_taught,data_investigative,analytical_data,data_analyst
3.6,2.1,2.6,4.1,4.8,1.7,1.2,4.0,3.7,analyze_data,10_to_20_hrs,basics,self_taught,data_investigative,analytical_data,data_analyst
3.6,2.5,3.5,4.0,4.8,1.7,2.2,4.2,2.7,research_models,20_plus_hrs,intermediate,high_school,data_investigative,creative_visual,data_analyst
2.9,2.3,3.2,4.2,4.3,1.6,1.6,4.5,2.6,research_models,under_5_hrs,advanced,high_school,data_investigative,analytical_data,data_analyst
4.4,3.4,3.3,5.0,4.4,1.4,1.9,4.5,3.8,analyze_data,under_5_hrs,intermediate,cs_degree,data_investigative,analytical_data,data_analyst
3.1,3.1,3.6,3.5,4.1,2.8,1.9,4.5,3.6,research_models,under_5_hrs,basics,cs_degree,data_investigative,analytical_data,data_analyst
4.3,2.9,3.3,4.9,4.8,1.0,1.7,3.5,3.1,analyze_data,10_to_20_hrs,basics,non_cs_degree,data_investigative,creative_visual,data_analyst
4.1,3.1,3.4,4.6,4.8,1.7,2.3,4.2,2.6,research_models,under_5_hrs,none,non_cs_degree,data_investigative,analytical_data,data_analyst
2.7,2.0,2.8,3.3,4.7,1.2,1.2,3.3,3.8,analyze_data,10_to_20_hrs,intermediate,cs_degree,data_investigative,analytical_data,data_analyst
4.2,2.9,2.5,4.9,4.6,2.9,2.1,4.8,3.3,analyze_data,5_to_10_hrs,none,high_school,data_investigative,analytical_data,data_analyst
4.5,2.5,3.9,5.0,4.5,1.8,1.7,4.9,2.7,analyze_data,10_to_20_hrs,none,self_taught,data_investigative,analytical_data,data_analyst
4.0,2.9,3.3,5.0,5.0,2.7,2.0,4.2,3.4,analyze_data,5_to_10_hrs,advanced,cs_degree,visual_creative,analytical_data,data_analyst
4.0,2.9,3.8,3.8,5.0,1.4,1.8,4.6,3.5,analyze_data,under_5_hrs,none,non_cs_degree,data_investigative,creative_visual,data_analyst
3.6,2.2,2.6,3.8,4.6,1.7,1.9,3.7,3.1,analyze_data,10_to_20_hrs,intermediate,cs_degree,data_investigative,creative_visual,data_analyst
4.3,3.5,2.1,4.4,5.0,1.3,2.1,3.9,3.9,analyze_data,under_5_hrs,basics,non_cs_degree,data_investigative,analytical_data,data_analyst
4.2,2.4,3.1,4.1,4.6,1.7,1.3,4.0,3.2,analyze_data,10_to_20_hrs,intermediate,self_taught,data_investigative,analytical_data,data_analyst
3.7,2.5,2.6,3.9,4.3,2.4,1.6,4.0,3.3,research_models,5_to_10_hrs,none,non_cs_degree,visual_creative,analytical_data,data_analyst
4.0,2.6,3.3,4.0,4.6,1.7,1.9,3.9,3.5,analyze_data,10_to_20_hrs,basics,cs_degree,data_investigative,creative_visual,data_analyst
3.7,2.5,3.1,5.0,4.9,1.2,1.0,4.3,3.9,analyze_data,under_5_hrs,none,self_taught,data_investigative,analytical_data,data_analyst
3.4,2.4,3.8,4.1,5.0,1.9,1.8,3.9,2.9,analyze_data,5_to_10_hrs,none,cs_degree,visual_creative,analytical_data,data_analyst
2.8,2.8,3.1,4.6,4.9,2.0,1.5,3.9,2.2,analyze_data,5_to_10_hrs,none,self_taught,data_investigative,analytical_data,data_analyst
4.6,3.4,3.4,4.0,4.7,1.0,1.8,3.9,2.9,research_models,under_5_hrs,basics,high_school,data_investigative,analytical_data,data_analyst
3.6,3.1,4.1,4.4,5.0,2.4,2.0,4.7,2.8,research_models,under_5_hrs,basics,self_taught,data_investigative,analytical_data,data_analyst
4.5,3.5,3.0,3.6,4.6,1.9,2.3,4.2,3.8,analyze_data,10_to_20_hrs,basics,self_taught,data_investigative,analytical_data,data_analyst
3.2,4.6,2.8,4.9,4.8,1.0,1.6,5.0,4.3,analyze_data,20_plus_hrs,intermediate,cs_degree,data_investigative,analytical_data,data_analyst
3.3,3.7,3.2,3.9,4.3,1.0,1.5,4.6,4.0,analyze_data,5_to_10_hrs,none,high_school,data_investigative,analytical_data,data_analyst
4.6,4.4,2.6,4.6,4.7,2.1,2.8,4.7,3.5,research_models,under_5_hrs,basics,self_taught,data_investigative,analytical_data,data_scientist
4.5,4.3,2.3,4.7,4.6,2.8,2.7,4.9,4.2,research_models,under_5_hrs,none,cs_degree,data_investigative,analytical_data,data_scientist
4.5,4.5,2.0,4.5,4.9,1.9,2.0,4.9,4.0,research_models,under_5_hrs,intermediate,cs_degree,logic_architecture,technical_engineering,data_scientist
4.4,4.6,2.6,5.0,4.6,2.2,1.9,4.6,3.8,analyze_data,20_plus_hrs,none,self_taught,logic_architecture,analytical_data,data_scientist
4.7,5.0,2.3,4.7,4.9,1.8,2.9,4.5,4.2,research_models,5_to_10_hrs,advanced,self_taught,data_investigative,analytical_data,data_scientist
5.0,4.2,3.0,4.9,4.9,2.9,2.0,5.0,3.7,research_models,10_to_20_hrs,none,cs_degree,data_investigative,technical_engineering,data_scientist
5.0,5.0,1.8,4.2,4.8,2.6,3.1,4.5,3.6,research_models,10_to_20_hrs,intermediate,cs_degree,data_investigative,technical_engineering,data_scientist
4.4,4.2,1.9,5.0,4.9,2.5,2.2,4.8,4.3,research_models,20_plus_hrs,intermediate,non_cs_degree,logic_architecture,analytical_data,data_scientist
4.4,3.7,1.9,4.8,4.8,2.9,2.6,4.6,3.4,analyze_data,20_plus_hrs,basics,self_taught,data_investigative,analytical_data,data_scientist
4.9,3.8,2.7,4.8,4.5,2.9,2.3,4.9,3.0,analyze_data,under_5_hrs,intermediate,high_school,data_investigative,analytical_data,data_scientist
4.5,4.8,2.2,5.0,4.7,2.7,1.6,4.7,4.0,research_models,under_5_hrs,basics,non_cs_degree,data_investigative,analytical_data,data_scientist
4.5,4.2,2.4,5.0,4.8,2.2,1.7,4.9,2.9,research_models,20_plus_hrs,basics,cs_degree,data_investigative,analytical_data,data_scientist
4.0,4.4,2.2,5.0,4.8,2.8,2.2,4.7,4.0,research_models,under_5_hrs,none,high_school,data_investigative,analytical_data,data_scientist
4.5,3.8,2.0,5.0,4.9,1.2,1.6,4.8,3.6,research_models,under_5_hrs,intermediate,high_school,data_investigative,analytical_data,data_scientist
4.7,4.2,2.8,4.2,4.8,3.4,1.2,4.4,3.5,research_models,20_plus_hrs,advanced,cs_degree,data_investigative,technical_engineering,data_scientist
4.2,4.1,1.9,4.0,4.7,3.7,2.1,4.9,3.4,research_models,5_to_10_hrs,advanced,cs_degree,logic_architecture,analytical_data,data_scientist
4.5,3.7,2.1,5.0,4.3,1.6,2.7,4.7,3.7,research_models,10_to_20_hrs,basics,self_taught,data_investigative,technical_engineering,data_scientist
4.6,5.0,1.5,4.5,4.9,2.1,2.8,4.6,3.4,research_models,under_5_hrs,none,high_school,logic_architecture,analytical_data,data_scientist
4.9,4.3,2.3,4.8,5.0,1.9,2.5,4.8,4.3,research_models,under_5_hrs,advanced,cs_degree,logic_architecture,technical_engineering,data_scientist
4.3,3.7,2.1,4.9,4.7,3.5,1.9,4.6,3.5,research_models,20_plus_hrs,advanced,self_taught,data_investigative,analytical_data,data_scientist
4.7,3.7,1.8,4.5,4.8,1.7,3.0,4.7,3.0,research_models,5_to_10_hrs,none,self_taught,data_investigative,analytical_data,data_scientist
4.2,4.1,2.5,4.4,4.9,2.4,3.1,4.6,3.6,analyze_data,5_to_10_hrs,advanced,cs_degree,data_investigative,technical_engineering,data_scientist
5.0,4.0,2.4,5.0,4.8,2.7,2.4,4.9,4.4,analyze_data,5_to_10_hrs,none,cs_degree,logic_architecture,analytical_data,data_scientist
4.2,4.8,1.9,4.3,4.8,3.2,1.5,4.5,3.4,analyze_data,under_5_hrs,basics,high_school,logic_architecture,analytical_data,data_scientist
4.4,3.9,2.1,4.9,4.7,3.4,2.1,4.9,3.2,research_models,5_to_10_hrs,none,self_taught,logic_architecture,analytical_data,data_scientist
4.5,3.9,2.3,4.0,4.8,2.7,2.9,4.6,3.4,research_models,10_to_20_hrs,basics,cs_degree,data_investigative,analytical_data,data_scientist
4.7,4.0,1.9,5.0,4.9,3.1,1.8,4.9,3.6,analyze_data,under_5_hrs,basics,high_school,data_investigative,technical_engineering,data_scientist
5.0,3.5,2.4,4.6,4.6,3.4,1.9,4.9,4.0,research_models,10_to_20_hrs,none,cs_degree,data_investigative,technical_engineering,data_scientist
4.3,4.2,2.0,4.4,4.7,3.1,2.8,4.7,4.2,research_models,5_to_10_hrs,basics,cs_degree,data_investigative,analytical_data,data_scientist
4.7,4.7,2.4,4.5,4.8,3.4,2.2,4.7,4.1,research_models,10_to_20_hrs,none,cs_degree,data_investigative,technical_engineering,data_scientist
4.2,4.8,2.0,4.0,4.9,2.9,2.4,4.6,4.7,research_models,20_plus_hrs,advanced,non_cs_degree,data_investigative,analytical_data,data_scientist
4.6,4.7,1.9,5.0,4.9,2.7,3.1,4.5,3.8,analyze_data,20_plus_hrs,advanced,non_cs_degree,data_investigative,analytical_data,data_scientist
4.3,4.5,3.0,4.4,4.9,2.6,1.3,4.7,4.3,research_models,under_5_hrs,basics,high_school,data_investigative,technical_engineering,data_scientist
4.4,3.5,2.1,4.6,4.9,2.1,2.2,4.7,2.4,research_models,10_to_20_hrs,basics,high_school,data_investigative,technical_engineering,data_scientist
4.0,4.8,1.8,4.8,4.9,3.2,2.4,4.8,3.1,analyze_data,20_plus_hrs,basics,non_cs_degree,data_investigative,analytical_data,data_scientist
4.3,4.4,2.4,4.8,4.9,3.1,1.9,4.6,3.6,research_models,5_to_10_hrs,advanced,cs_degree,logic_architecture,technical_engineering,data_scientist
4.9,5.0,2.7,4.0,4.7,1.6,2.8,4.6,3.1,research_models,10_to_20_hrs,intermediate,non_cs_degree,logic_architecture,analytical_data,data_scientist
4.1,4.8,2.4,4.9,4.8,2.4,1.2,4.9,4.0,research_models,5_to_10_hrs,basics,cs_degree,logic_architecture,analytical_data,data_scientist
4.1,4.3,3.0,4.3,4.9,1.6,1.7,4.6,3.1,research_models,under_5_hrs,advanced,cs_degree,data_investigative,analytical_data,data_scientist
4.4,3.1,2.7,4.9,4.5,2.1,1.9,4.5,4.3,research_models,10_to_20_hrs,basics,self_taught,logic_architecture,analytical_data,data_scientist
4.5,4.7,1.9,4.4,4.6,2.3,2.1,4.8,4.3,research_models,20_plus_hrs,advanced,self_taught,data_investigative,technical_engineering,data_scientist
4.5,3.5,2.6,4.6,4.7,1.3,2.5,5.0,3.7,analyze_data,under_5_hrs,none,cs_degree,data_investigative,technical_engineering,data_scientist
4.6,3.6,1.4,4.3,4.8,2.9,1.2,4.6,3.2,research_models,10_to_20_hrs,basics,high_school,logic_architecture,analytical_data,data_scientist
4.5,4.8,2.0,4.6,5.0,1.5,1.3,5.0,3.7,research_models,under_5_hrs,none,high_school,data_investigative,analytical_data,data_scientist
4.6,4.0,2.3,4.3,4.6,3.2,2.8,4.6,2.9,research_models,10_to_20_hrs,advanced,cs_degree,data_investigative,analytical_data,data_scientist
4.5,4.2,2.4,4.0,4.9,1.8,2.7,4.7,3.9,research_models,20_plus_hrs,advanced,non_cs_degree,data_investigative,technical_engineering,data_scientist
4.2,4.0,2.0,4.5,4.4,2.8,2.8,4.7,3.5,research_models,20_plus_hrs,none,non_cs_degree,data_investigative,technical_engineering,data_scientist
4.0,3.8,2.1,4.7,5.0,2.5,2.4,4.5,3.3,analyze_data,20_plus_hrs,none,high_school,data_investigative,analytical_data,data_scientist
4.5,3.8,3.1,4.7,4.7,3.0,2.0,4.7,4.0,research_models,5_to_10_hrs,basics,self_taught,data_investigative,analytical_data,data_scientist
4.1,4.5,2.2,4.2,4.6,2.0,1.0,5.0,3.2,research_models,20_plus_hrs,basics,self_taught,data_investigative,technical_engineering,data_scientist
4.6,4.4,2.5,3.9,4.8,1.9,1.8,4.8,4.3,research_models,under_5_hrs,basics,non_cs_degree,logic_architecture,analytical_data,data_scientist
4.4,4.5,1.9,4.5,4.8,2.0,2.0,4.8,3.0,research_models,under_5_hrs,advanced,high_school,data_investigative,analytical_data,data_scientist
4.6,4.9,2.1,4.9,4.4,2.1,2.2,4.7,2.9,analyze_data,20_plus_hrs,basics,cs_degree,data_investigative,analytical_data,data_scientist
4.5,4.5,2.7,4.0,4.5,2.1,2.7,4.8,3.5,research_models,5_to_10_hrs,basics,non_cs_degree,data_investigative,analytical_data,data_scientist
5.0,4.3,2.2,4.4,4.8,3.2,2.3,4.8,3.5,research_models,5_to_10_hrs,advanced,cs_degree,logic_architecture,analytical_data,data_scientist
4.6,4.3,3.2,4.7,4.9,3.5,3.4,4.7,3.1,research_models,10_to_20_hrs,none,self_taught,logic_architecture,analytical_data,data_scientist
4.7,4.9,2.7,4.7,4.3,2.9,1.5,5.0,3.7,research_models,10_to_20_hrs,none,high_school,data_investigative,technical_engineering,data_scientist
4.1,4.1,3.4,4.7,4.8,3.8,2.5,4.9,4.2,research_models,20_plus_hrs,intermediate,high_school,logic_architecture,analytical_data,data_scientist
4.3,4.7,1.9,4.4,4.9,3.3,2.6,4.7,4.2,analyze_data,under_5_hrs,intermediate,self_taught,data_investigative,technical_engineering,data_scientist
4.1,5.0,2.6,4.3,4.8,2.9,1.9,4.8,4.9,research_models,10_to_20_hrs,advanced,self_taught,logic_architecture,analytical_data,data_scientist
4.3,4.2,3.1,4.7,4.7,3.1,1.9,4.8,4.0,research_models,20_plus_hrs,none,cs_degree,data_investigative,analytical_data,data_scientist
4.7,3.6,2.6,4.3,4.8,2.5,2.1,4.9,3.7,research_models,5_to_10_hrs,basics,non_cs_degree,data_investigative,analytical_data,data_scientist
4.1,3.7,2.1,4.6,4.7,2.8,3.4,4.8,4.3,research_models,5_to_10_hrs,intermediate,self_taught,data_investigative,technical_engineering,data_scientist
4.4,5.0,1.9,4.6,4.5,2.5,2.4,4.5,4.3,research_models,10_to_20_hrs,advanced,non_cs_degree,logic_architecture,technical_engineering,data_scientist
4.5,3.3,2.0,4.5,4.8,3.0,2.7,4.5,4.1,research_models,10_to_20_hrs,advanced,self_taught,data_investigative,analytical_data,data_scientist
4.6,4.0,2.1,5.0,4.8,4.1,2.1,4.9,2.9,research_models,5_to_10_hrs,none,self_taught,logic_architecture,analytical_data,data_scientist
4.3,4.2,1.6,4.4,4.9,1.8,2.8,4.7,3.8,research_models,20_plus_hrs,basics,self_taught,data_investigative,analytical_data,data_scientist
4.6,4.5,2.9,4.8,4.5,2.1,2.0,4.6,3.4,research_models,under_5_hrs,none,high_school,data_investigative,analytical_data,data_scientist
4.8,3.7,2.6,4.9,4.8,3.1,2.1,4.9,4.1,research_models,5_to_10_hrs,none,non_cs_degree,data_investigative,technical_engineering,data_scientist
4.7,3.0,2.4,4.4,4.7,2.2,2.5,4.6,4.1,research_models,5_to_10_hrs,none,cs_degree,data_investigative,technical_engineering,data_scientist
4.6,4.5,2.6,4.1,4.6,2.7,2.4,4.5,4.1,analyze_data,5_to_10_hrs,intermediate,high_school,data_investigative,analytical_data,data_scientist
4.3,5.0,2.5,4.5,4.9,2.5,2.5,4.8,2.6,analyze_data,20_plus_hrs,intermediate,self_taught,data_investigative,analytical_data,data_scientist
4.4,3.8,2.0,4.9,4.9,1.6,2.6,4.6,4.3,research_models,20_plus_hrs,none,self_taught,data_investigative,analytical_data,data_scientist
4.6,4.2,3.2,4.1,5.0,2.6,2.4,4.7,4.0,analyze_data,20_plus_hrs,none,cs_degree,data_investigative,analytical_data,data_scientist
4.4,4.4,2.3,4.5,4.5,1.8,1.5,4.8,4.3,research_models,5_to_10_hrs,advanced,self_taught,logic_architecture,technical_engineering,data_scientist
4.8,4.7,2.8,4.6,4.8,2.1,2.9,4.8,3.9,research_models,5_to_10_hrs,advanced,high_school,logic_architecture,analytical_data,data_scientist
3.8,4.1,2.2,4.3,4.6,2.8,2.7,4.6,3.7,research_models,5_to_10_hrs,basics,high_school,data_investigative,analytical_data,data_scientist
4.4,3.7,3.4,4.7,4.9,2.4,2.7,4.6,3.2,research_models,10_to_20_hrs,advanced,self_taught,logic_architecture,technical_engineering,data_scientist
4.7,5.0,2.0,4.6,4.7,1.9,2.0,4.9,3.8,research_models,under_5_hrs,none,non_cs_degree,logic_architecture,analytical_data,data_scientist
4.9,3.5,1.7,4.8,4.6,2.4,2.8,4.6,3.1,research_models,under_5_hrs,none,non_cs_degree,logic_architecture,analytical_data,data_scientist
5.0,4.0,1.8,5.0,4.8,2.6,2.4,4.6,3.4,research_models,10_to_20_hrs,intermediate,self_taught,data_investigative,analytical_data,data_scientist
5.0,4.4,3.0,4.7,4.7,3.1,1.4,4.7,2.7,research_models,10_to_20_hrs,advanced,self_taught,data_investigative,analytical_data,data_scientist
4.6,4.3,2.3,5.0,4.9,1.9,2.4,4.9,3.2,research_models,under_5_hrs,intermediate,cs_degree,data_investigative,analytical_data,data_scientist
4.3,4.0,3.1,4.6,4.6,1.3,1.0,4.8,3.8,analyze_data,20_plus_hrs,basics,cs_degree,data_investigative,technical_engineering,data_scientist
4.4,4.3,2.2,4.3,5.0,2.5,2.0,4.8,3.2,research_models,under_5_hrs,basics,self_taught,data_investigative,analytical_data,data_scientist
4.2,4.5,3.1,4.9,4.7,3.6,2.2,4.8,3.8,research_models,under_5_hrs,intermediate,high_school,data_investigative,analytical_data,data_scientist
4.7,3.8,2.1,4.6,4.9,1.9,2.9,4.6,3.7,analyze_data,20_plus_hrs,intermediate,high_school,data_investigative,analytical_data,data_scientist
5.0,5.0,2.3,4.8,4.7,1.2,3.6,5.0,3.8,research_models,20_plus_hrs,advanced,non_cs_degree,data_investigative,analytical_data,data_scientist
4.4,4.7,2.7,4.7,4.9,3.6,2.5,4.8,3.1,analyze_data,5_to_10_hrs,none,self_taught,data_investigative,technical_engineering,data_scientist
5.0,4.6,2.2,4.5,4.8,3.6,2.7,4.6,4.2,research_models,20_plus_hrs,advanced,non_cs_degree,data_investigative,technical_engineering,data_scientist
4.3,4.4,2.5,4.8,4.5,1.7,2.5,4.7,2.9,research_models,under_5_hrs,none,high_school,data_investigative,technical_engineering,data_scientist
3.8,4.8,2.3,5.0,4.7,1.4,2.1,4.8,3.9,analyze_data,10_to_20_hrs,intermediate,non_cs_degree,data_investigative,analytical_data,data_scientist
3.9,4.3,2.1,4.5,4.9,2.0,2.2,4.9,4.1,analyze_data,5_to_10_hrs,basics,cs_degree,data_investigative,technical_engineering,data_scientist
4.3,3.5,2.8,5.0,4.6,1.8,2.3,4.8,3.2,analyze_data,20_plus_hrs,none,high_school,data_investigative,analytical_data,data_scientist
4.2,4.3,2.6,4.5,4.6,3.0,2.0,4.9,4.3,research_models,20_plus_hrs,none,high_school,data_investigative,analytical_data,data_scientist
5.0,3.9,2.0,4.8,4.5,1.9,2.3,4.4,3.8,analyze_data,20_plus_hrs,intermediate,self_taught,logic_architecture,technical_engineering,data_scientist
4.0,4.3,2.2,4.4,5.0,1.4,2.6,4.7,3.9,analyze_data,under_5_hrs,basics,non_cs_degree,logic_architecture,analytical_data,data_scientist
4.7,3.3,3.2,5.0,4.5,3.3,2.2,4.6,4.2,analyze_data,10_to_20_hrs,advanced,cs_degree,data_investigative,analytical_data,data_scientist
4.5,3.8,1.6,4.5,4.7,2.3,2.2,4.9,2.9,research_models,10_to_20_hrs,basics,self_taught,data_investigative,technical_engineering,data_scientist
4.5,4.5,2.3,4.8,4.6,3.6,1.6,4.8,4.5,research_models,10_to_20_hrs,intermediate,cs_degree,data_investigative,technical_engineering,data_scientist
4.6,4.0,2.4,5.0,5.0,3.2,2.3,4.8,4.2,analyze_data,10_to_20_hrs,intermediate,self_taught,logic_architecture,analytical_data,data_scientist
4.8,3.8,1.9,4.7,4.7,1.4,2.2,5.0,3.3,research_models,10_to_20_hrs,advanced,self_taught,data_investigative,technical_engineering,data_scientist
4.0,3.7,2.2,4.3,4.5,2.4,3.4,4.6,3.2,research_models,10_to_20_hrs,none,cs_degree,data_investigative,analytical_data,data_scientist
5.0,4.6,2.0,4.5,4.7,1.8,2.0,5.0,3.0,research_models,under_5_hrs,intermediate,high_school,data_investigative,analytical_data,data_scientist
4.2,4.5,2.7,4.5,4.8,2.7,2.1,4.8,3.3,research_models,10_to_20_hrs,advanced,high_school,data_investigative,technical_engineering,data_scientist
4.3,4.0,1.8,4.5,4.6,2.3,2.0,4.6,3.3,analyze_data,under_5_hrs,none,self_taught,data_investigative,analytical_data,data_scientist
4.4,4.0,2.5,4.8,4.3,1.2,2.0,4.7,3.8,research_models,20_plus_hrs,none,self_taught,data_investigative,technical_engineering,data_scientist
4.1,5.0,2.2,4.4,5.0,3.0,2.2,4.8,3.1,analyze_data,under_5_hrs,none,high_school,data_investigative,technical_engineering,data_scientist
4.5,3.6,2.5,4.7,4.9,2.8,2.1,4.8,3.5,analyze_data,20_plus_hrs,intermediate,cs_degree,data_investigative,technical_engineering,data_scientist
4.0,4.4,2.5,4.4,4.6,3.4,2.0,4.7,4.2,research_models,5_to_10_hrs,intermediate,high_school,logic_architecture,technical_engineering,data_scientist
3.9,4.5,2.8,4.6,4.6,2.9,2.2,4.9,4.0,research_models,10_to_20_hrs,advanced,self_taught,logic_architecture,analytical_data,data_scientist
4.4,4.3,1.8,4.7,4.6,1.6,2.2,4.6,3.5,research_models,10_to_20_hrs,advanced,self_taught,logic_architecture,analytical_data,data_scientist
3.7,4.6,2.3,4.1,4.8,2.5,1.9,4.7,3.2,analyze_data,10_to_20_hrs,advanced,cs_degree,logic_architecture,analytical_data,data_scientist
4.7,2.9,1.9,4.9,4.6,1.6,1.8,4.6,3.7,research_models,under_5_hrs,intermediate,cs_degree,logic_architecture,technical_engineering,data_scientist
4.8,4.3,2.3,5.0,4.7,2.3,1.2,4.8,3.8,research_models,5_to_10_hrs,none,self_taught,data_investigative,analytical_data,data_scientist
4.4,5.0,2.7,5.0,4.8,1.5,2.7,4.7,2.8,analyze_data,under_5_hrs,basics,high_school,data_investigative,technical_engineering,data_scientist
4.1,3.8,2.9,4.7,4.9,1.7,2.9,4.8,4.2,research_models,5_to_10_hrs,basics,non_cs_degree,logic_architecture,technical_engineering,data_scientist
5.0,3.5,1.4,4.5,4.6,2.4,2.2,5.0,3.5,research_models,5_to_10_hrs,none,self_taught,data_investigative,analytical_data,data_scientist
4.2,5.0,1.8,4.5,4.6,2.0,3.1,4.8,3.8,research_models,under_5_hrs,basics,non_cs_degree,logic_architecture,technical_engineering,data_scientist
4.7,4.1,1.6,4.8,4.6,2.0,2.0,4.4,4.4,research_models,under_5_hrs,advanced,cs_degree,logic_architecture,technical_engineering,data_scientist
5.0,4.4,3.0,4.8,4.6,3.5,2.5,4.9,3.7,research_models,10_to_20_hrs,advanced,self_taught,logic_architecture,analytical_data,data_scientist
4.3,5.0,2.1,4.5,4.9,2.6,2.1,4.6,3.6,research_models,20_plus_hrs,intermediate,high_school,logic_architecture,analytical_data,data_scientist
3.7,3.9,2.3,4.9,5.0,1.6,3.0,4.8,4.0,analyze_data,under_5_hrs,basics,cs_degree,data_investigative,analytical_data,data_scientist
4.5,4.6,2.4,4.8,4.8,1.5,2.8,4.8,3.6,analyze_data,20_plus_hrs,advanced,non_cs_degree,data_investigative,analytical_data,data_scientist
4.3,3.8,2.2,4.8,4.6,2.3,2.3,4.6,3.7,research_models,20_plus_hrs,advanced,cs_degree,logic_architecture,technical_engineering,data_scientist
5.0,4.0,2.0,4.5,4.7,3.0,2.7,4.9,4.0,analyze_data,5_to_10_hrs,advanced,self_taught,data_investigative,analytical_data,data_scientist
4.6,4.3,3.0,4.7,4.8,2.0,1.4,4.8,4.4,analyze_data,under_5_hrs,basics,cs_degree,data_investigative,analytical_data,data_scientist
4.5,4.4,2.1,4.5,4.9,2.3,1.8,4.4,4.2,research_models,10_to_20_hrs,intermediate,non_cs_degree,data_investigative,analytical_data,data_scientist
3.9,4.6,3.5,4.1,4.7,3.2,2.1,5.0,3.1,research_models,5_to_10_hrs,advanced,cs_degree,data_investigative,analytical_data,data_scientist
4.5,4.2,2.0,4.0,4.9,3.3,1.7,4.8,4.0,research_models,10_to_20_hrs,advanced,high_school,data_investigative,analytical_data,data_scientist
4.5,4.0,2.5,4.4,4.8,2.2,2.3,4.9,3.8,research_models,under_5_hrs,none,cs_degree,data_investigative,technical_engineering,data_scientist
4.4,4.0,3.0,4.7,4.7,2.9,1.6,4.7,4.6,analyze_data,5_to_10_hrs,none,high_school,data_investigative,technical_engineering,data_scientist
4.5,4.2,2.4,4.8,4.9,3.1,1.9,4.8,3.4,analyze_data,5_to_10_hrs,advanced,high_school,logic_architecture,technical_engineering,data_scientist
4.9,3.6,3.2,4.6,4.4,3.3,3.3,4.8,3.9,analyze_data,10_to_20_hrs,none,high_school,logic_architecture,technical_engineering,data_scientist
4.3,3.3,2.1,4.3,4.8,1.8,2.1,4.6,4.6,research_models,10_to_20_hrs,intermediate,high_school,logic_architecture,technical_engineering,data_scientist
4.0,5.0,2.6,4.5,4.8,2.8,1.2,4.7,3.7,analyze_data,under_5_hrs,none,cs_degree,data_investigative,analytical_data,data_scientist
3.9,3.8,2.7,4.5,5.0,2.5,2.0,4.4,3.9,analyze_data,under_5_hrs,advanced,non_cs_degree,data_investigative,analytical_data,data_scientist
4.1,3.8,2.1,4.2,4.6,2.3,2.6,4.7,3.8,analyze_data,5_to_10_hrs,basics,cs_degree,logic_architecture,analytical_data,data_scientist
4.3,4.4,3.1,4.2,4.7,1.8,2.6,4.9,3.4,analyze_data,5_to_10_hrs,advanced,high_school,logic_architecture,technical_engineering,data_scientist
5.0,4.1,2.0,4.8,4.5,2.5,3.0,4.7,3.2,analyze_data,10_to_20_hrs,basics,non_cs_degree,data_investigative,analytical_data,data_scientist
4.5,4.5,2.9,4.3,4.4,2.9,2.0,4.8,3.1,research_models,under_5_hrs,basics,non_cs_degree,data_investigative,technical_engineering,data_scientist
4.3,4.1,2.9,4.3,4.9,2.5,1.9,4.7,3.6,analyze_data,5_to_10_hrs,intermediate,high_school,data_investigative,analytical_data,data_scientist
4.6,4.5,1.6,4.3,4.4,2.6,2.2,4.4,3.3,analyze_data,10_to_20_hrs,advanced,self_taught,data_investigative,technical_engineering,data_scientist
4.3,3.5,1.5,4.5,4.7,2.3,2.3,5.0,4.0,research_models,under_5_hrs,advanced,cs_degree,data_investigative,analytical_data,data_scientist
4.7,3.9,2.5,4.2,4.4,2.0,2.2,5.0,3.9,research_models,10_to_20_hrs,intermediate,cs_degree,logic_architecture,analytical_data,data_scientist
4.0,4.6,1.5,4.9,4.4,3.1,1.2,4.6,3.0,research_models,5_to_10_hrs,basics,high_school,data_investigative,technical_engineering,data_scientist
4.8,5.0,1.9,4.2,4.8,1.8,2.0,4.8,3.5,analyze_data,20_plus_hrs,advanced,self_taught,data_investigative,analytical_data,data_scientist
3.9,4.1,1.9,4.0,4.7,1.8,2.0,5.0,3.8,research_models,20_plus_hrs,advanced,self_taught,data_investigative,technical_engineering,data_scientist
4.7,4.3,2.0,4.8,4.9,2.5,1.9,4.7,4.4,research_models,20_plus_hrs,advanced,self_taught,logic_architecture,technical_engineering,data_scientist
4.4,4.8,3.2,4.3,4.9,2.3,1.8,5.0,4.1,research_models,10_to_20_hrs,advanced,self_taught,data_investigative,analytical_data,data_scientist
4.8,4.5,2.4,4.9,4.8,2.3,1.9,4.9,4.0,research_models,under_5_hrs,none,high_school,data_investigative,analytical_data,data_scientist
4.6,5.0,2.2,4.8,4.6,1.8,3.0,4.9,3.3,analyze_data,under_5_hrs,intermediate,high_school,data_investigative,analytical_data,data_scientist
4.2,4.0,2.2,4.5,4.7,2.9,2.9,4.8,4.4,analyze_data,20_plus_hrs,none,high_school,data_investigative,analytical_data,data_scientist
4.8,4.4,1.6,5.0,4.6,3.2,2.2,4.7,3.3,analyze_data,20_plus_hrs,basics,self_taught,data_investigative,technical_engineering,data_scientist
4.4,4.4,2.2,4.5,4.5,1.0,2.2,4.7,3.6,research_models,10_to_20_hrs,basics,high_school,data_investigative,analytical_data,data_scientist
4.7,5.0,2.4,4.3,4.6,3.5,1.8,5.0,3.3,analyze_data,5_to_10_hrs,intermediate,high_school,data_investigative,analytical_data,data_scientist
4.1,4.5,2.2,4.5,4.9,1.8,3.4,4.8,4.2,research_models,under_5_hrs,none,non_cs_degree,data_investigative,analytical_data,data_scientist
4.2,4.5,2.9,4.7,4.8,3.1,2.9,4.5,3.8,research_models,under_5_hrs,none,cs_degree,data_investigative,analytical_data,data_scientist
4.8,4.2,2.3,4.6,4.6,3.1,1.8,4.9,4.3,research_models,20_plus_hrs,intermediate,cs_degree,logic_architecture,analytical_data,data_scientist
4.4,4.3,1.9,4.4,4.9,2.2,2.2,4.8,4.0,research_models,5_to_10_hrs,none,non_cs_degree,logic_architecture,technical_engineering,data_scientist
4.6,4.7,1.1,4.8,4.9,3.9,2.4,4.7,4.2,research_models,20_plus_hrs,none,cs_degree,data_investigative,analytical_data,ai_ml
4.8,4.9,1.8,4.8,4.4,3.1,2.1,4.4,4.2,research_models,5_to_10_hrs,basics,self_taught,logic_architecture,analytical_data,ai_ml
4.9,4.7,2.8,4.7,4.5,4.2,2.9,4.3,4.9,build_systems,5_to_10_hrs,basics,cs_degree,data_investigative,technical_engineering,ai_ml
4.9,4.7,1.2,4.5,3.9,4.1,1.7,4.3,4.4,research_models,10_to_20_hrs,none,self_taught,data_investigative,technical_engineering,ai_ml
4.8,4.2,1.4,4.4,5.0,3.2,2.1,4.2,4.6,research_models,20_plus_hrs,none,cs_degree,data_investigative,analytical_data,ai_ml
4.9,4.7,1.3,4.6,5.0,3.5,3.1,4.5,3.1,research_models,under_5_hrs,advanced,self_taught,data_investigative,analytical_data,ai_ml
5.0,4.5,1.8,4.6,4.8,3.7,2.5,5.0,5.0,research_models,under_5_hrs,advanced,non_cs_degree,logic_architecture,analytical_data,ai_ml
4.6,4.6,1.4,4.6,4.6,2.6,1.5,4.7,3.9,build_systems,10_to_20_hrs,advanced,non_cs_degree,data_investigative,analytical_data,ai_ml
4.9,4.8,1.5,4.4,4.5,4.4,3.0,4.5,5.0,research_models,10_to_20_hrs,none,high_school,logic_architecture,analytical_data,ai_ml
4.9,4.7,1.8,4.5,4.3,3.4,2.3,4.1,3.9,research_models,10_to_20_hrs,basics,self_taught,logic_architecture,analytical_data,ai_ml
4.6,4.7,1.5,4.8,4.6,3.8,2.5,4.5,3.4,build_systems,under_5_hrs,none,non_cs_degree,logic_architecture,analytical_data,ai_ml
4.7,4.4,1.2,5.0,4.2,2.8,2.9,4.7,3.9,build_systems,20_plus_hrs,intermediate,non_cs_degree,logic_architecture,analytical_data,ai_ml
4.7,4.3,2.4,5.0,4.4,4.3,2.3,4.7,4.0,research_models,under_5_hrs,none,cs_degree,data_investigative,analytical_data,ai_ml
4.8,4.8,1.0,4.8,4.9,2.3,2.8,4.6,4.5,build_systems,5_to_10_hrs,advanced,high_school,logic_architecture,technical_engineering,ai_ml
4.9,4.8,2.0,4.8,4.3,2.8,2.3,4.7,4.4,research_models,under_5_hrs,intermediate,high_school,logic_architecture,technical_engineering,ai_ml
4.9,5.0,1.5,4.9,3.7,3.1,2.5,3.9,3.8,research_models,10_to_20_hrs,advanced,high_school,logic_architecture,technical_engineering,ai_ml
4.8,4.8,2.4,4.6,4.6,3.0,2.9,4.6,4.4,build_systems,5_to_10_hrs,intermediate,self_taught,data_investigative,technical_engineering,ai_ml
4.7,4.6,2.1,4.7,4.5,4.1,2.9,4.6,3.8,build_systems,10_to_20_hrs,advanced,non_cs_degree,logic_architecture,technical_engineering,ai_ml
4.8,4.3,2.6,4.6,4.4,2.6,2.8,4.5,4.6,research_models,5_to_10_hrs,basics,cs_degree,logic_architecture,technical_engineering,ai_ml
4.7,4.5,1.8,4.7,4.1,2.7,1.9,4.9,3.7,build_systems,5_to_10_hrs,intermediate,high_school,data_investigative,analytical_data,ai_ml
4.8,4.4,1.4,4.7,4.7,3.9,2.0,4.5,3.8,research_models,10_to_20_hrs,advanced,self_taught,logic_architecture,analytical_data,ai_ml
4.8,4.9,1.4,4.8,4.8,2.9,2.5,4.8,4.4,research_models,5_to_10_hrs,advanced,non_cs_degree,data_investigative,analytical_data,ai_ml
4.7,5.0,1.7,4.7,4.6,2.9,2.1,4.7,3.6,research_models,10_to_20_hrs,none,self_taught,logic_architecture,technical_engineering,ai_ml
4.7,4.6,2.4,4.7,4.4,2.8,1.0,4.9,5.0,build_systems,5_to_10_hrs,advanced,non_cs_degree,data_investigative,analytical_data,ai_ml
5.0,4.8,2.0,4.9,4.7,3.6,1.9,4.7,4.6,research_models,5_to_10_hrs,intermediate,cs_degree,logic_architecture,analytical_data,ai_ml
4.5,4.7,3.2,4.5,4.2,2.7,3.0,4.4,4.6,research_models,20_plus_hrs,advanced,cs_degree,data_investigative,technical_engineering,ai_ml
4.5,4.5,2.4,4.7,4.2,3.4,1.9,4.4,4.1,research_models,20_plus_hrs,basics,self_taught,logic_architecture,analytical_data,ai_ml
4.9,4.4,1.9,4.7,4.0,3.0,1.7,4.6,4.3,research_models,10_to_20_hrs,intermediate,non_cs_degree,data_investigative,technical_engineering,ai_ml
4.9,4.9,2.0,5.0,4.7,3.5,2.6,4.3,3.0,research_models,20_plus_hrs,intermediate,non_cs_degree,logic_architecture,analytical_data,ai_ml
4.6,4.8,1.9,4.7,4.4,3.1,2.7,4.5,4.1,research_models,under_5_hrs,advanced,high_school,logic_architecture,analytical_data,ai_ml
4.7,4.3,1.9,4.8,4.9,4.9,1.9,4.6,4.2,research_models,5_to_10_hrs,none,high_school,logic_architecture,technical_engineering,ai_ml
4.6,4.1,1.5,5.0,4.4,3.7,2.7,4.4,4.0,research_models,10_to_20_hrs,basics,self_taught,logic_architecture,technical_engineering,ai_ml
4.9,4.5,1.4,4.5,4.5,4.1,1.6,4.6,4.2,build_systems,20_plus_hrs,basics,cs_degree,logic_architecture,analytical_data,ai_ml
4.8,4.8,1.6,5.0,4.0,2.5,2.7,4.4,4.9,research_models,5_to_10_hrs,advanced,cs_degree,logic_architecture,technical_engineering,ai_ml
4.6,4.8,1.9,4.7,4.5,3.9,1.8,4.5,4.0,research_models,5_to_10_hrs,intermediate,cs_degree,logic_architecture,analytical_data,ai_ml
4.7,4.1,1.0,5.0,4.4,2.7,1.5,4.1,4.8,build_systems,under_5_hrs,advanced,high_school,data_investigative,analytical_data,ai_ml
4.7,4.3,2.1,4.6,4.7,2.6,1.2,4.8,5.0,research_models,10_to_20_hrs,basics,high_school,logic_architecture,analytical_data,ai_ml
4.5,4.3,2.3,4.9,4.2,3.7,2.3,4.0,4.4,research_models,under_5_hrs,basics,self_taught,logic_architecture,analytical_data,ai_ml
4.9,4.4,1.7,4.9,3.9,2.3,2.1,4.9,5.0,research_models,5_to_10_hrs,advanced,non_cs_degree,logic_architecture,technical_engineering,ai_ml
4.7,4.6,1.0,4.7,4.9,3.7,2.3,4.6,4.1,research_models,under_5_hrs,basics,self_taught,logic_architecture,technical_engineering,ai_ml
4.5,4.4,1.1,4.8,4.2,2.7,3.1,4.3,4.6,research_models,5_to_10_hrs,basics,self_taught,logic_architecture,analytical_data,ai_ml
4.8,4.6,2.5,4.8,4.5,3.6,1.5,4.8,4.3,research_models,5_to_10_hrs,advanced,non_cs_degree,data_investigative,analytical_data,ai_ml
5.0,4.6,2.2,4.9,5.0,3.0,2.3,4.6,4.7,build_systems,20_plus_hrs,none,non_cs_degree,data_investigative,analytical_data,ai_ml
4.6,4.0,1.8,4.9,4.2,3.3,1.2,4.6,3.9,research_models,5_to_10_hrs,intermediate,high_school,logic_architecture,technical_engineering,ai_ml
4.6,4.6,1.9,5.0,4.5,4.8,3.1,5.0,4.5,research_models,5_to_10_hrs,basics,self_taught,logic_architecture,analytical_data,ai_ml
4.7,5.0,1.7,4.5,5.0,3.1,2.2,4.9,4.5,research_models,under_5_hrs,advanced,cs_degree,data_investigative,analytical_data,ai_ml
4.7,4.4,1.6,4.9,4.5,2.6,3.1,4.4,3.8,build_systems,under_5_hrs,advanced,self_taught,data_investigative,analytical_data,ai_ml
4.9,4.5,2.1,4.9,4.5,3.0,2.5,4.3,4.9,build_systems,under_5_hrs,none,self_taught,data_investigative,analytical_data,ai_ml
4.8,4.6,1.8,4.7,4.1,3.7,2.1,4.6,4.3,build_systems,10_to_20_hrs,basics,cs_degree,logic_architecture,analytical_data,ai_ml
4.8,4.2,1.9,5.0,4.4,4.1,2.6,4.4,4.2,research_models,under_5_hrs,none,high_school,logic_architecture,technical_engineering,ai_ml
4.9,5.0,1.3,4.5,5.0,2.8,2.7,5.0,4.6,research_models,under_5_hrs,intermediate,cs_degree,logic_architecture,technical_engineering,ai_ml
4.8,4.4,1.6,4.5,4.7,3.3,2.9,4.5,4.5,research_models,under_5_hrs,basics,high_school,logic_architecture,analytical_data,ai_ml
4.7,4.7,2.0,5.0,3.9,3.5,2.9,4.3,5.0,build_systems,10_to_20_hrs,intermediate,cs_degree,logic_architecture,analytical_data,ai_ml
5.0,4.9,2.2,4.8,4.4,2.6,3.4,4.9,4.1,research_models,10_to_20_hrs,none,cs_degree,data_investigative,analytical_data,ai_ml
4.8,4.9,1.4,4.9,4.8,3.2,1.7,4.0,4.8,research_models,5_to_10_hrs,advanced,self_taught,logic_architecture,analytical_data,ai_ml
4.8,4.3,2.2,5.0,4.1,3.7,2.1,4.3,4.0,research_models,5_to_10_hrs,intermediate,cs_degree,data_investigative,technical_engineering,ai_ml
4.9,5.0,1.7,4.6,5.0,2.8,2.7,4.7,3.9,research_models,5_to_10_hrs,basics,high_school,logic_architecture,analytical_data,ai_ml
4.7,4.4,2.0,4.7,4.6,3.0,1.9,4.1,4.6,research_models,under_5_hrs,intermediate,non_cs_degree,data_investigative,analytical_data,ai_ml
5.0,4.8,2.2,4.6,4.8,3.4,2.1,4.5,4.6,build_systems,under_5_hrs,intermediate,self_taught,data_investigative,analytical_data,ai_ml
4.8,4.7,1.7,4.8,4.5,3.5,2.3,4.9,4.5,research_models,10_to_20_hrs,basics,self_taught,logic_architecture,analytical_data,ai_ml
4.8,4.8,1.1,4.7,4.6,3.7,2.4,4.9,5.0,build_systems,20_plus_hrs,none,self_taught,data_investigative,analytical_data,ai_ml
4.6,4.4,1.4,4.8,4.8,3.0,2.7,4.7,4.5,build_systems,10_to_20_hrs,advanced,high_school,logic_architecture,technical_engineering,ai_ml
4.7,4.3,1.5,5.0,4.2,3.9,2.2,4.6,4.8,build_systems,10_to_20_hrs,basics,high_school,logic_architecture,technical_engineering,ai_ml
4.6,4.8,1.6,4.8,4.5,3.9,2.3,4.9,4.1,research_models,20_plus_hrs,none,non_cs_degree,logic_architecture,analytical_data,ai_ml
4.8,4.9,1.1,4.9,4.2,3.0,1.3,4.5,5.0,research_models,10_to_20_hrs,none,high_school,logic_architecture,technical_engineering,ai_ml
4.9,4.5,2.6,4.9,4.5,5.0,2.6,4.3,4.3,research_models,5_to_10_hrs,intermediate,non_cs_degree,logic_architecture,analytical_data,ai_ml
4.8,4.5,1.9,4.7,4.8,3.3,2.0,4.5,4.2,research_models,under_5_hrs,intermediate,high_school,logic_architecture,analytical_data,ai_ml
4.6,4.7,1.7,5.0,4.5,3.2,2.3,4.4,4.7,research_models,5_to_10_hrs,none,self_taught,logic_architecture,analytical_data,ai_ml
4.8,4.1,1.0,4.6,5.0,4.1,2.1,4.6,4.3,research_models,under_5_hrs,none,cs_degree,data_investigative,analytical_data,ai_ml
4.7,4.5,1.5,4.7,4.0,3.7,2.3,4.3,4.7,research_models,under_5_hrs,none,self_taught,logic_architecture,analytical_data,ai_ml
4.8,4.5,1.0,4.9,4.3,3.7,2.0,4.7,3.8,research_models,10_to_20_hrs,basics,self_taught,logic_architecture,technical_engineering,ai_ml
5.0,4.3,2.1,4.8,4.2,3.5,1.0,4.4,4.7,research_models,under_5_hrs,advanced,non_cs_degree,logic_architecture,analytical_data,ai_ml
4.8,4.5,2.9,4.9,4.8,2.6,2.6,4.9,3.8,research_models,5_to_10_hrs,none,self_taught,data_investigative,technical_engineering,ai_ml
4.6,4.6,1.7,4.8,4.1,3.7,3.0,4.9,4.3,build_systems,under_5_hrs,intermediate,high_school,logic_architecture,analytical_data,ai_ml
4.8,4.4,1.5,4.4,4.2,2.0,1.6,4.6,4.1,research_models,20_plus_hrs,none,self_taught,logic_architecture,analytical_data,ai_ml
5.0,4.9,1.0,5.0,4.6,3.4,2.1,5.0,4.4,research_models,20_plus_hrs,advanced,cs_degree,logic_architecture,analytical_data,ai_ml
4.5,4.7,1.9,4.9,4.2,3.3,2.9,4.7,4.4,build_systems,20_plus_hrs,advanced,high_school,data_investigative,technical_engineering,ai_ml
4.5,4.1,2.0,4.6,4.4,2.9,3.1,4.3,4.3,build_systems,5_to_10_hrs,advanced,cs_degree,logic_architecture,technical_engineering,ai_ml
4.7,5.0,2.5,4.5,4.5,2.6,2.0,4.4,4.1,research_models,10_to_20_hrs,none,cs_degree,data_investigative,analytical_data,ai_ml
4.3,5.0,1.6,4.7,4.5,2.7,2.8,4.5,4.1,research_models,5_to_10_hrs,advanced,self_taught,data_investigative,analytical_data,ai_ml
4.9,4.8,1.2,4.5,4.1,4.1,2.5,4.7,4.4,research_models,10_to_20_hrs,none,cs_degree,data_investigative,technical_engineering,ai_ml
4.6,4.4,1.8,4.5,4.1,2.8,3.3,5.0,4.7,research_models,20_plus_hrs,basics,cs_degree,data_investigative,analytical_data,ai_ml
4.9,4.8,1.7,4.7,4.9,2.5,2.9,4.8,4.7,research_models,under_5_hrs,basics,self_taught,logic_architecture,analytical_data,ai_ml
4.9,4.5,1.7,4.8,4.5,3.7,2.1,4.7,4.0,research_models,10_to_20_hrs,advanced,non_cs_degree,logic_architecture,technical_engineering,ai_ml
4.6,4.4,1.8,4.8,3.9,2.5,2.5,4.5,5.0,build_systems,5_to_10_hrs,intermediate,cs_degree,logic_architecture,analytical_data,ai_ml
4.6,4.7,1.6,4.5,4.4,2.3,3.2,4.3,3.4,research_models,10_to_20_hrs,intermediate,cs_degree,logic_architecture,analytical_data,ai_ml
4.6,4.5,2.1,4.6,4.3,3.8,1.6,4.7,4.1,research_models,under_5_hrs,basics,non_cs_degree,logic_architecture,analytical_data,ai_ml
4.6,4.5,1.9,4.8,4.6,3.3,2.9,4.5,4.7,research_models,20_plus_hrs,none,cs_degree,data_investigative,technical_engineering,ai_ml
4.7,4.7,1.3,4.7,4.8,2.4,2.4,4.4,3.8,build_systems,5_to_10_hrs,none,self_taught,data_investigative,analytical_data,ai_ml
4.5,4.3,1.3,4.5,3.9,3.5,1.8,4.3,4.4,research_models,under_5_hrs,none,cs_degree,logic_architecture,analytical_data,ai_ml
4.8,4.6,3.1,4.6,4.7,3.3,2.4,4.4,5.0,research_models,under_5_hrs,none,non_cs_degree,data_investigative,analytical_data,ai_ml
4.7,4.6,3.0,4.7,5.0,3.7,2.9,4.3,3.3,build_systems,20_plus_hrs,none,non_cs_degree,logic_architecture,analytical_data,ai_ml
4.6,4.1,2.1,4.8,4.3,2.6,2.8,4.8,4.1,build_systems,10_to_20_hrs,basics,high_school,data_investigative,technical_engineering,ai_ml
5.0,4.7,1.4,4.7,4.6,3.4,2.0,4.6,4.2,research_models,5_to_10_hrs,intermediate,cs_degree,logic_architecture,technical_engineering,ai_ml
4.6,4.4,1.5,5.0,4.6,3.8,2.6,4.2,4.5,build_systems,20_plus_hrs,advanced,non_cs_degree,data_investigative,technical_engineering,ai_ml
4.9,4.5,1.9,4.4,4.2,3.5,3.1,4.5,4.5,build_systems,5_to_10_hrs,advanced,self_taught,logic_architecture,analytical_data,ai_ml
4.8,4.6,1.3,4.9,4.5,4.2,1.7,4.4,4.8,research_models,10_to_20_hrs,basics,cs_degree,logic_architecture,technical_engineering,ai_ml
4.5,4.4,2.4,4.6,4.2,1.9,3.3,4.7,3.8,research_models,10_to_20_hrs,advanced,non_cs_degree,data_investigative,technical_engineering,ai_ml
4.9,4.7,1.5,4.9,4.4,3.3,3.0,4.4,4.1,research_models,5_to_10_hrs,intermediate,high_school,logic_architecture,analytical_data,ai_ml
4.9,4.8,1.4,5.0,4.7,3.5,2.6,4.3,4.1,research_models,5_to_10_hrs,advanced,non_cs_degree,data_investigative,analytical_data,ai_ml
4.7,4.5,1.3,4.9,4.9,3.6,2.2,4.7,4.4,build_systems,5_to_10_hrs,basics,self_taught,logic_architecture,analytical_data,ai_ml
4.9,4.4,1.7,4.6,3.9,2.7,2.8,4.6,3.8,research_models,under_5_hrs,intermediate,non_cs_degree,logic_architecture,analytical_data,ai_ml
4.9,4.2,1.7,4.8,4.5,3.9,2.3,4.1,3.3,research_models,10_to_20_hrs,intermediate,cs_degree,logic_architecture,analytical_data,ai_ml
4.8,4.7,2.3,4.9,5.0,3.5,2.4,4.1,3.7,build_systems,20_plus_hrs,intermediate,non_cs_degree,data_investigative,technical_engineering,ai_ml
4.9,5.0,1.6,4.4,4.5,2.9,3.0,4.8,4.2,research_models,20_plus_hrs,intermediate,cs_degree,data_investigative,analytical_data,ai_ml
4.4,4.7,1.4,4.7,4.8,4.1,3.2,4.5,3.9,build_systems,10_to_20_hrs,advanced,non_cs_degree,data_investigative,analytical_data,ai_ml
5.0,4.7,2.3,4.8,4.6,3.1,1.6,5.0,4.2,build_systems,20_plus_hrs,basics,high_school,logic_architecture,analytical_data,ai_ml
4.6,4.5,2.0,4.8,4.8,2.5,2.3,4.6,4.6,research_models,5_to_10_hrs,intermediate,non_cs_degree,logic_architecture,analytical_data,ai_ml
4.7,4.7,1.4,5.0,4.8,3.6,2.6,4.8,3.7,research_models,5_to_10_hrs,basics,self_taught,logic_architecture,analytical_data,ai_ml
4.8,4.8,1.9,4.9,4.5,2.6,1.8,4.4,4.1,research_models,under_5_hrs,intermediate,non_cs_degree,logic_architecture,technical_engineering,ai_ml
4.9,4.5,2.3,4.8,4.6,4.2,2.0,4.2,4.9,research_models,under_5_hrs,none,cs_degree,logic_architecture,analytical_data,ai_ml
4.8,4.3,1.3,4.8,4.2,4.0,2.3,4.6,3.5,build_systems,20_plus_hrs,intermediate,high_school,data_investigative,analytical_data,ai_ml
4.5,4.5,1.8,4.5,4.9,3.2,1.6,4.5,5.0,research_models,5_to_10_hrs,none,non_cs_degree,logic_architecture,analytical_data,ai_ml
4.9,4.8,1.9,4.7,4.6,2.4,2.0,4.7,3.8,research_models,10_to_20_hrs,none,non_cs_degree,logic_architecture,technical_engineering,ai_ml
4.9,4.0,1.6,4.8,4.7,3.6,2.9,5.0,4.3,research_models,5_to_10_hrs,none,non_cs_degree,logic_architecture,analytical_data,ai_ml
4.9,4.5,1.7,4.8,4.3,3.0,2.6,4.3,4.1,research_models,10_to_20_hrs,basics,non_cs_degree,data_investigative,analytical_data,ai_ml
5.0,4.6,1.0,4.6,4.7,3.8,2.8,4.3,4.1,build_systems,5_to_10_hrs,intermediate,non_cs_degree,data_investigative,analytical_data,ai_ml
4.8,4.5,1.8,4.7,5.0,3.6,2.3,4.7,3.4,research_models,10_to_20_hrs,advanced,non_cs_degree,logic_architecture,analytical_data,ai_ml
4.6,4.2,1.8,4.8,4.2,3.6,3.0,4.6,3.3,research_models,5_to_10_hrs,intermediate,high_school,data_investigative,technical_engineering,ai_ml
4.7,4.3,2.0,4.7,4.5,2.5,3.5,4.7,4.1,build_systems,20_plus_hrs,intermediate,cs_degree,data_investigative,analytical_data,ai_ml
4.7,4.3,1.9,4.9,4.5,3.2,2.4,4.5,4.6,research_models,10_to_20_hrs,intermediate,high_school,data_investigative,technical_engineering,ai_ml
4.5,5.0,2.5,4.6,4.5,3.7,2.0,4.4,5.0,build_systems,20_plus_hrs,basics,high_school,data_investigative,analytical_data,ai_ml
4.8,5.0,1.9,4.6,4.2,2.8,2.1,4.8,5.0,research_models,5_to_10_hrs,advanced,self_taught,data_investigative,analytical_data,ai_ml
5.0,4.8,2.7,4.7,4.3,3.2,2.5,4.8,4.4,research_models,5_to_10_hrs,advanced,self_taught,logic_architecture,analytical_data,ai_ml
4.5,4.1,2.0,5.0,4.6,2.8,2.7,4.9,3.9,research_models,5_to_10_hrs,none,cs_degree,logic_architecture,analytical_data,ai_ml
4.7,5.0,1.7,4.4,4.8,4.3,2.4,4.8,3.5,build_systems,under_5_hrs,none,high_school,data_investigative,analytical_data,ai_ml
4.8,4.5,1.9,5.0,4.6,3.2,1.5,4.3,4.2,research_models,20_plus_hrs,advanced,non_cs_degree,data_investigative,analytical_data,ai_ml
5.0,4.6,1.7,4.9,3.9,3.9,1.7,4.6,4.9,research_models,under_5_hrs,advanced,self_taught,logic_architecture,analytical_data,ai_ml
5.0,4.6,2.3,4.8,4.4,2.9,2.8,4.6,4.4,research_models,10_to_20_hrs,basics,non_cs_degree,data_investigative,technical_engineering,ai_ml
4.7,4.6,1.7,4.8,4.1,2.7,2.4,4.7,5.0,build_systems,20_plus_hrs,intermediate,self_taught,logic_architecture,analytical_data,ai_ml
4.9,4.7,1.7,4.6,4.5,3.3,1.6,4.7,3.4,research_models,5_to_10_hrs,advanced,self_taught,data_investigative,analytical_data,ai_ml
4.9,4.6,1.7,4.7,4.9,3.6,1.7,4.6,4.6,build_systems,10_to_20_hrs,none,non_cs_degree,data_investigative,analytical_data,ai_ml
4.7,4.9,1.4,4.6,4.4,3.6,1.9,4.6,4.1,build_systems,20_plus_hrs,none,high_school,logic_architecture,technical_engineering,ai_ml
4.7,4.1,1.5,4.9,4.5,3.4,2.3,5.0,4.8,research_models,5_to_10_hrs,basics,high_school,logic_architecture,technical_engineering,ai_ml
4.8,4.5,1.5,4.9,4.1,2.9,2.1,4.9,4.2,research_models,under_5_hrs,none,self_taught,data_investigative,technical_engineering,ai_ml
4.6,4.5,1.4,4.6,4.5,3.2,2.0,4.6,4.5,research_models,under_5_hrs,basics,non_cs_degree,logic_architecture,technical_engineering,ai_ml
4.9,4.8,1.7,4.8,4.5,3.3,1.2,5.0,4.5,build_systems,20_plus_hrs,advanced,high_school,data_investigative,analytical_data,ai_ml
4.6,4.6,1.2,4.8,4.3,4.0,3.2,4.9,3.1,build_systems,20_plus_hrs,none,self_taught,logic_architecture,analytical_data,ai_ml
4.7,4.6,2.4,4.7,4.2,3.3,1.9,4.4,5.0,research_models,under_5_hrs,basics,non_cs_degree,logic_architecture,analytical_data,ai_ml
4.8,5.0,1.5,4.6,4.8,2.7,3.2,5.0,4.4,research_models,10_to_20_hrs,none,non_cs_degree,logic_architecture,technical_engineering,ai_ml
4.8,4.3,1.5,4.5,4.2,2.5,1.8,4.7,4.5,research_models,under_5_hrs,intermediate,non_cs_degree,logic_architecture,technical_engineering,ai_ml
4.8,4.2,1.1,4.4,3.8,3.8,1.8,4.4,4.7,research_models,5_to_10_hrs,intermediate,self_taught,logic_architecture,technical_engineering,ai_ml
4.9,4.6,1.5,4.5,4.6,3.9,2.5,4.8,3.6,build_systems,10_to_20_hrs,basics,high_school,data_investigative,analytical_data,ai_ml
4.7,4.4,1.7,4.6,4.7,2.4,2.6,4.5,3.1,research_models,5_to_10_hrs,intermediate,high_school,logic_architecture,analytical_data,ai_ml
4.7,4.6,2.0,4.7,4.5,3.3,3.2,4.7,3.7,build_systems,10_to_20_hrs,advanced,high_school,logic_architecture,technical_engineering,ai_ml
4.5,4.8,2.5,4.8,4.8,2.5,2.4,4.5,4.0,research_models,10_to_20_hrs,intermediate,self_taught,logic_architecture,analytical_data,ai_ml
4.6,4.4,1.0,4.7,4.7,3.6,1.9,4.8,4.6,research_models,under_5_hrs,intermediate,cs_degree,logic_architecture,analytical_data,ai_ml
4.8,4.8,1.0,4.6,4.8,3.8,2.7,4.9,4.8,research_models,20_plus_hrs,basics,cs_degree,logic_architecture,analytical_data,ai_ml
5.0,4.5,2.0,4.7,4.8,2.3,3.0,4.7,4.4,build_systems,20_plus_hrs,advanced,high_school,data_investigative,technical_engineering,ai_ml
4.8,4.6,2.4,4.8,5.0,3.8,2.2,5.0,3.7,build_systems,5_to_10_hrs,basics,high_school,logic_architecture,technical_engineering,ai_ml
4.8,4.6,1.5,4.8,4.2,2.6,1.2,5.0,4.8,research_models,5_to_10_hrs,basics,cs_degree,data_investigative,analytical_data,ai_ml
4.9,4.4,1.4,4.9,4.5,2.4,2.9,4.8,4.6,research_models,under_5_hrs,none,cs_degree,data_investigative,analytical_data,ai_ml
4.8,4.4,1.8,4.7,4.5,3.0,2.2,4.7,4.1,build_systems,10_to_20_hrs,intermediate,self_taught,data_investigative,analytical_data,ai_ml
4.9,4.5,1.5,4.8,4.3,4.9,2.4,4.2,3.0,research_models,20_plus_hrs,advanced,high_school,logic_architecture,analytical_data,ai_ml
4.7,4.6,2.3,4.6,4.3,3.6,2.4,4.3,5.0,research_models,under_5_hrs,intermediate,cs_degree,logic_architecture,analytical_data,ai_ml
4.8,4.3,1.7,5.0,4.7,3.0,2.9,4.6,3.9,research_models,under_5_hrs,advanced,self_taught,data_investigative,technical_engineering,ai_ml
4.8,4.5,1.6,4.6,4.7,3.1,2.5,4.6,4.9,build_systems,5_to_10_hrs,basics,non_cs_degree,data_investigative,analytical_data,ai_ml
4.7,4.8,1.9,4.8,4.3,3.2,1.7,4.5,4.8,research_models,10_to_20_hrs,basics,cs_degree,logic_architecture,analytical_data,ai_ml
4.8,4.5,1.6,4.6,5.0,4.6,2.3,4.5,4.6,build_systems,under_5_hrs,advanced,self_taught,data_investigative,technical_engineering,ai_ml
4.7,4.8,1.4,4.8,4.2,3.8,2.1,4.9,5.0,research_models,under_5_hrs,basics,high_school,data_investigative,analytical_data,ai_ml
2.9,3.2,2.0,4.3,3.2,4.6,4.5,1.9,4.4,protect_test,10_to_20_hrs,advanced,high_school,systems_reliability,systems_security,devops_cloud
2.5,4.2,1.6,4.4,3.7,4.8,4.6,2.3,4.9,build_systems,10_to_20_hrs,none,high_school,systems_reliability,systems_security,devops_cloud
2.1,4.5,1.5,4.3,2.5,5.0,4.4,3.3,4.4,build_systems,5_to_10_hrs,intermediate,cs_degree,quality_adversarial,systems_security,devops_cloud
3.1,3.8,1.0,4.7,2.7,4.7,3.8,1.7,4.3,build_systems,10_to_20_hrs,intermediate,non_cs_degree,quality_adversarial,systems_security,devops_cloud
2.7,3.3,2.0,4.0,2.5,4.8,4.2,1.8,4.3,build_systems,20_plus_hrs,intermediate,non_cs_degree,quality_adversarial,systems_security,devops_cloud
2.5,4.6,1.6,4.5,2.3,4.5,4.3,2.2,4.6,build_systems,5_to_10_hrs,advanced,high_school,quality_adversarial,technical_engineering,devops_cloud
3.2,3.7,1.4,5.0,2.8,4.7,3.7,2.9,4.7,build_systems,20_plus_hrs,advanced,cs_degree,systems_reliability,systems_security,devops_cloud
2.1,3.2,1.1,5.0,3.5,4.8,4.1,2.1,4.4,build_systems,5_to_10_hrs,intermediate,cs_degree,systems_reliability,systems_security,devops_cloud
1.8,3.9,1.4,3.8,2.6,5.0,3.9,3.2,3.9,protect_test,5_to_10_hrs,basics,self_taught,systems_reliability,technical_engineering,devops_cloud
3.2,3.8,1.8,4.0,2.8,4.9,4.2,1.3,4.2,build_systems,under_5_hrs,intermediate,high_school,systems_reliability,systems_security,devops_cloud
2.0,3.2,1.3,4.7,2.7,4.9,4.3,2.6,4.2,protect_test,10_to_20_hrs,basics,non_cs_degree,systems_reliability,technical_engineering,devops_cloud
3.3,2.8,1.0,3.6,2.3,4.4,3.9,1.8,4.5,build_systems,5_to_10_hrs,none,self_taught,systems_reliability,systems_security,devops_cloud
2.6,3.4,1.4,4.4,1.9,4.7,3.8,2.5,5.0,protect_test,5_to_10_hrs,intermediate,cs_degree,systems_reliability,systems_security,devops_cloud
2.0,3.3,1.7,4.9,2.7,4.9,4.2,1.9,5.0,protect_test,20_plus_hrs,none,cs_degree,systems_reliability,systems_security,devops_cloud
2.5,3.6,1.2,4.9,2.3,5.0,4.7,3.0,4.6,build_systems,20_plus_hrs,intermediate,high_school,systems_reliability,technical_engineering,devops_cloud
3.3,4.1,1.4,4.1,2.7,4.6,3.3,1.6,4.4,protect_test,5_to_10_hrs,none,non_cs_degree,systems_reliability,technical_engineering,devops_cloud
1.9,4.0,1.4,4.1,2.6,4.6,4.2,1.8,4.4,protect_test,20_plus_hrs,none,high_school,systems_reliability,systems_security,devops_cloud
3.8,4.1,1.7,4.5,4.1,4.5,3.9,3.0,4.0,protect_test,20_plus_hrs,basics,cs_degree,systems_reliability,systems_security,devops_cloud
1.4,2.8,2.0,4.5,2.7,4.9,4.4,2.6,4.4,protect_test,20_plus_hrs,basics,high_school,quality_adversarial,technical_engineering,devops_cloud
2.1,3.9,1.8,5.0,3.0,4.8,5.0,2.5,5.0,build_systems,5_to_10_hrs,intermediate,non_cs_degree,systems_reliability,systems_security,devops_cloud
2.1,3.5,1.0,4.2,3.2,4.8,3.6,1.7,4.2,protect_test,5_to_10_hrs,advanced,self_taught,systems_reliability,systems_security,devops_cloud
2.2,4.3,1.4,4.1,2.1,4.6,3.6,1.9,4.0,protect_test,5_to_10_hrs,intermediate,cs_degree,systems_reliability,systems_security,devops_cloud
2.4,4.5,1.5,4.6,2.2,4.8,4.7,2.8,4.6,build_systems,under_5_hrs,basics,non_cs_degree,quality_adversarial,systems_security,devops_cloud
1.8,3.5,1.9,4.8,2.7,4.9,4.3,2.0,4.7,protect_test,5_to_10_hrs,none,high_school,quality_adversarial,technical_engineering,devops_cloud
3.3,3.8,2.0,3.6,2.7,4.7,4.1,1.0,4.3,protect_test,10_to_20_hrs,advanced,high_school,systems_reliability,technical_engineering,devops_cloud
1.8,3.9,1.4,5.0,3.0,5.0,4.8,2.3,4.8,protect_test,5_to_10_hrs,basics,cs_degree,quality_adversarial,technical_engineering,devops_cloud
2.8,3.0,1.9,3.9,2.6,4.9,4.5,2.4,5.0,build_systems,10_to_20_hrs,intermediate,self_taught,systems_reliability,systems_security,devops_cloud
2.3,3.8,1.5,4.4,2.6,4.5,5.0,1.7,4.1,protect_test,5_to_10_hrs,advanced,self_taught,systems_reliability,systems_security,devops_cloud
3.5,3.2,1.5,4.5,2.8,4.4,4.5,2.0,4.5,build_systems,5_to_10_hrs,none,high_school,quality_adversarial,systems_security,devops_cloud
1.7,2.9,1.4,4.1,1.8,4.7,4.8,2.4,4.5,protect_test,20_plus_hrs,none,high_school,quality_adversarial,systems_security,devops_cloud
1.7,2.9,1.2,4.2,3.4,4.9,4.4,1.3,4.3,build_systems,under_5_hrs,advanced,non_cs_degree,systems_reliability,technical_engineering,devops_cloud
2.2,4.4,1.9,4.8,2.6,4.8,4.9,2.3,4.8,build_systems,under_5_hrs,intermediate,self_taught,systems_reliability,technical_engineering,devops_cloud
1.9,4.2,2.0,3.7,2.9,5.0,4.0,2.7,4.4,protect_test,5_to_10_hrs,intermediate,high_school,quality_adversarial,technical_engineering,devops_cloud
3.6,3.8,1.6,5.0,2.8,4.7,3.6,2.5,4.2,build_systems,10_to_20_hrs,intermediate,cs_degree,systems_reliability,systems_security,devops_cloud
3.5,4.1,1.9,4.9,2.4,4.9,3.5,1.9,4.2,protect_test,10_to_20_hrs,none,cs_degree,systems_reliability,systems_security,devops_cloud
3.4,4.5,1.3,4.0,2.2,4.6,4.1,2.2,4.7,protect_test,under_5_hrs,basics,self_taught,quality_adversarial,systems_security,devops_cloud
2.8,4.3,2.0,4.7,3.6,4.7,4.0,1.8,4.7,build_systems,20_plus_hrs,advanced,cs_degree,quality_adversarial,systems_security,devops_cloud
3.4,3.9,1.6,4.5,3.8,5.0,4.2,2.2,4.0,build_systems,20_plus_hrs,intermediate,non_cs_degree,systems_reliability,technical_engineering,devops_cloud
2.8,3.5,1.7,4.2,2.0,4.9,3.5,1.2,4.6,build_systems,20_plus_hrs,basics,non_cs_degree,systems_reliability,systems_security,devops_cloud
2.1,3.0,1.2,4.1,2.5,4.8,3.3,2.7,4.6,protect_test,under_5_hrs,none,non_cs_degree,systems_reliability,systems_security,devops_cloud
2.3,3.0,1.4,3.5,2.9,4.8,4.6,2.5,4.6,protect_test,10_to_20_hrs,advanced,cs_degree,systems_reliability,systems_security,devops_cloud
2.7,4.0,1.4,4.1,3.0,5.0,4.7,2.7,4.5,build_systems,5_to_10_hrs,advanced,cs_degree,systems_reliability,systems_security,devops_cloud
3.1,3.4,1.0,4.2,2.6,5.0,4.1,1.9,4.8,build_systems,5_to_10_hrs,none,self_taught,quality_adversarial,systems_security,devops_cloud
2.9,5.0,1.1,3.5,1.9,4.7,4.0,1.7,4.0,protect_test,10_to_20_hrs,none,self_taught,systems_reliability,technical_engineering,devops_cloud
2.1,4.2,1.6,4.2,2.5,5.0,3.8,2.5,5.0,build_systems,5_to_10_hrs,intermediate,non_cs_degree,quality_adversarial,systems_security,devops_cloud
1.9,3.6,1.8,5.0,2.4,5.0,4.3,1.8,4.3,build_systems,5_to_10_hrs,advanced,non_cs_degree,quality_adversarial,technical_engineering,devops_cloud
1.5,2.9,1.8,4.6,2.9,4.7,4.4,1.0,4.5,build_systems,5_to_10_hrs,advanced,non_cs_degree,systems_reliability,systems_security,devops_cloud
3.5,3.9,1.4,4.4,2.6,4.8,3.1,2.4,4.2,build_systems,under_5_hrs,intermediate,high_school,quality_adversarial,systems_security,devops_cloud
2.9,4.0,1.4,4.5,2.4,4.9,4.4,1.7,4.9,protect_test,5_to_10_hrs,basics,non_cs_degree,systems_reliability,systems_security,devops_cloud
2.5,3.4,1.6,4.2,2.2,4.8,4.8,2.2,4.9,build_systems,5_to_10_hrs,advanced,cs_degree,quality_adversarial,systems_security,devops_cloud
2.4,3.0,1.3,4.5,3.0,4.8,4.2,2.0,4.3,build_systems,20_plus_hrs,none,cs_degree,systems_reliability,technical_engineering,devops_cloud
1.1,3.4,1.4,4.0,1.9,4.6,3.8,2.5,4.2,protect_test,under_5_hrs,intermediate,non_cs_degree,quality_adversarial,technical_engineering,devops_cloud
2.1,3.3,1.4,4.5,2.2,5.0,4.5,2.5,3.6,build_systems,5_to_10_hrs,advanced,non_cs_degree,systems_reliability,systems_security,devops_cloud
2.2,3.2,1.7,4.7,2.1,4.5,4.1,1.7,4.4,build_systems,5_to_10_hrs,intermediate,non_cs_degree,quality_adversarial,systems_security,devops_cloud
2.6,3.8,2.0,4.0,3.0,4.7,3.8,2.5,5.0,build_systems,10_to_20_hrs,intermediate,cs_degree,quality_adversarial,technical_engineering,devops_cloud
1.5,3.4,1.0,4.5,2.5,4.9,4.7,1.9,4.7,protect_test,20_plus_hrs,advanced,high_school,systems_reliability,technical_engineering,devops_cloud
3.3,3.8,1.3,4.7,3.2,4.8,5.0,2.0,4.1,build_systems,20_plus_hrs,advanced,self_taught,systems_reliability,systems_security,devops_cloud
3.2,4.1,1.3,4.3,2.3,4.7,3.7,2.1,5.0,protect_test,20_plus_hrs,advanced,high_school,systems_reliability,systems_security,devops_cloud
3.7,3.7,1.1,4.9,2.4,4.6,4.3,2.8,3.9,build_systems,5_to_10_hrs,none,cs_degree,systems_reliability,systems_security,devops_cloud
2.3,3.9,1.5,4.2,2.3,4.8,4.0,2.9,4.7,build_systems,5_to_10_hrs,intermediate,high_school,systems_reliability,systems_security,devops_cloud
1.7,4.3,1.1,4.3,3.8,4.9,3.9,1.9,4.2,build_systems,under_5_hrs,advanced,non_cs_degree,quality_adversarial,systems_security,devops_cloud
2.7,2.7,1.2,4.5,2.5,4.8,4.5,2.6,4.6,build_systems,5_to_10_hrs,advanced,cs_degree,quality_adversarial,technical_engineering,devops_cloud
3.2,3.3,1.6,4.1,2.8,4.7,3.0,2.6,4.9,build_systems,5_to_10_hrs,advanced,non_cs_degree,systems_reliability,technical_engineering,devops_cloud
2.4,3.6,1.4,4.5,2.6,4.9,4.4,1.8,4.3,build_systems,5_to_10_hrs,intermediate,non_cs_degree,systems_reliability,technical_engineering,devops_cloud
2.1,4.0,1.7,4.8,2.7,4.8,4.4,3.0,4.2,build_systems,20_plus_hrs,none,self_taught,quality_adversarial,systems_security,devops_cloud
1.4,4.2,1.4,4.4,2.4,4.7,4.5,1.8,4.3,protect_test,under_5_hrs,advanced,non_cs_degree,systems_reliability,systems_security,devops_cloud
2.6,4.2,1.6,4.3,2.2,4.6,4.3,1.9,4.4,build_systems,20_plus_hrs,intermediate,non_cs_degree,quality_adversarial,technical_engineering,devops_cloud
1.9,3.8,1.4,4.9,2.2,4.8,3.9,2.4,4.4,build_systems,under_5_hrs,basics,high_school,quality_adversarial,technical_engineering,devops_cloud
1.9,3.8,1.0,4.5,2.2,5.0,3.9,2.4,4.5,build_systems,20_plus_hrs,basics,cs_degree,systems_reliability,systems_security,devops_cloud
2.5,3.5,1.2,4.0,2.9,4.8,4.6,2.5,4.2,build_systems,10_to_20_hrs,none,high_school,systems_reliability,systems_security,devops_cloud
3.3,4.0,1.4,3.9,2.2,4.4,4.5,2.4,4.7,protect_test,10_to_20_hrs,none,self_taught,quality_adversarial,systems_security,devops_cloud
2.8,4.3,1.8,4.8,2.9,4.9,4.2,3.2,4.3,protect_test,10_to_20_hrs,advanced,non_cs_degree,systems_reliability,technical_engineering,devops_cloud
3.2,4.1,1.6,4.6,2.7,4.7,3.4,1.9,4.6,protect_test,20_plus_hrs,intermediate,self_taught,systems_reliability,systems_security,devops_cloud
2.9,3.6,1.4,4.3,2.2,4.8,3.8,2.6,4.4,protect_test,10_to_20_hrs,basics,self_taught,quality_adversarial,systems_security,devops_cloud
2.1,3.5,2.2,4.2,3.1,4.7,5.0,3.1,4.4,protect_test,under_5_hrs,none,cs_degree,quality_adversarial,technical_engineering,devops_cloud
3.0,3.0,1.4,5.0,2.5,5.0,3.9,2.4,4.9,build_systems,20_plus_hrs,intermediate,self_taught,quality_adversarial,systems_security,devops_cloud
2.3,4.6,1.7,4.0,2.1,4.8,4.2,2.6,4.1,build_systems,under_5_hrs,basics,self_taught,quality_adversarial,systems_security,devops_cloud
3.3,4.1,2.0,4.7,2.6,4.7,4.0,2.8,4.6,build_systems,under_5_hrs,advanced,cs_degree,quality_adversarial,systems_security,devops_cloud
1.8,3.1,1.2,3.9,2.7,5.0,4.8,1.6,4.7,build_systems,under_5_hrs,none,high_school,quality_adversarial,technical_engineering,devops_cloud
2.5,4.0,1.6,4.0,3.2,4.8,3.8,2.0,4.3,build_systems,5_to_10_hrs,basics,high_school,systems_reliability,systems_security,devops_cloud
1.8,3.4,1.6,3.5,2.8,4.8,4.6,2.1,4.8,build_systems,20_plus_hrs,none,cs_degree,systems_reliability,systems_security,devops_cloud
2.0,3.8,1.5,4.5,2.3,4.7,4.1,2.3,4.4,build_systems,5_to_10_hrs,intermediate,cs_degree,systems_reliability,systems_security,devops_cloud
3.1,3.4,1.4,3.9,3.3,4.6,3.9,2.8,5.0,protect_test,under_5_hrs,basics,cs_degree,systems_reliability,technical_engineering,devops_cloud
3.6,3.2,1.4,3.7,3.3,4.8,3.9,2.2,4.2,protect_test,under_5_hrs,none,high_school,systems_reliability,technical_engineering,devops_cloud
3.0,3.6,2.1,3.6,3.2,4.7,4.4,1.4,3.9,build_systems,under_5_hrs,intermediate,cs_degree,systems_reliability,systems_security,devops_cloud
2.5,3.4,1.1,4.4,2.8,4.8,4.7,2.9,3.7,build_systems,under_5_hrs,none,self_taught,systems_reliability,technical_engineering,devops_cloud
2.1,3.7,1.5,4.5,2.0,4.8,3.9,1.7,5.0,build_systems,under_5_hrs,none,high_school,quality_adversarial,systems_security,devops_cloud
2.6,4.7,1.3,4.8,1.5,4.7,3.6,2.5,4.3,build_systems,20_plus_hrs,basics,high_school,systems_reliability,systems_security,devops_cloud
2.6,4.1,1.2,3.8,2.9,4.4,4.2,2.4,4.6,build_systems,10_to_20_hrs,none,cs_degree,quality_adversarial,systems_security,devops_cloud
1.9,3.9,1.0,4.4,3.1,4.5,4.1,2.2,4.8,build_systems,under_5_hrs,basics,cs_degree,quality_adversarial,systems_security,devops_cloud
2.4,2.9,1.2,3.8,2.6,4.8,3.3,2.5,4.2,build_systems,20_plus_hrs,basics,cs_degree,systems_reliability,systems_security,devops_cloud
2.4,3.5,1.6,4.4,2.9,4.7,4.2,1.7,4.6,build_systems,10_to_20_hrs,none,high_school,systems_reliability,systems_security,devops_cloud
2.8,2.5,1.8,3.9,3.9,4.8,4.3,2.1,4.7,build_systems,20_plus_hrs,intermediate,cs_degree,systems_reliability,systems_security,devops_cloud
4.1,4.0,2.1,4.8,2.9,4.8,4.8,2.1,4.3,build_systems,10_to_20_hrs,none,cs_degree,systems_reliability,technical_engineering,devops_cloud
2.7,3.6,1.3,5.0,3.0,4.6,4.0,2.5,4.4,build_systems,20_plus_hrs,none,self_taught,systems_reliability,systems_security,devops_cloud
2.7,4.2,1.4,3.6,2.9,4.9,4.3,2.4,4.6,build_systems,under_5_hrs,intermediate,high_school,systems_reliability,technical_engineering,devops_cloud
2.3,3.3,1.2,4.6,1.8,4.8,3.7,3.7,4.2,protect_test,under_5_hrs,advanced,high_school,systems_reliability,systems_security,devops_cloud
2.4,4.2,1.7,4.0,3.2,4.7,4.6,2.5,4.6,build_systems,10_to_20_hrs,intermediate,non_cs_degree,systems_reliability,technical_engineering,devops_cloud
2.9,4.4,2.0,5.0,2.4,4.7,3.9,2.8,5.0,build_systems,10_to_20_hrs,none,high_school,quality_adversarial,systems_security,devops_cloud
2.9,2.8,1.6,4.2,3.3,4.7,3.0,1.7,4.4,protect_test,5_to_10_hrs,basics,non_cs_degree,systems_reliability,systems_security,devops_cloud
1.0,4.3,1.3,4.3,3.0,4.5,3.9,2.7,4.4,build_systems,10_to_20_hrs,none,cs_degree,systems_reliability,systems_security,devops_cloud
1.3,3.6,1.9,5.0,3.4,4.7,4.1,3.1,4.8,build_systems,under_5_hrs,intermediate,cs_degree,quality_adversarial,technical_engineering,devops_cloud
3.0,3.2,1.0,4.4,3.9,4.7,4.4,2.5,4.7,build_systems,under_5_hrs,basics,high_school,systems_reliability,technical_engineering,devops_cloud
1.7,4.0,1.5,3.7,3.1,4.7,4.1,3.0,5.0,build_systems,under_5_hrs,advanced,self_taught,systems_reliability,technical_engineering,devops_cloud
2.5,3.9,1.4,4.0,3.3,4.7,4.0,2.4,4.5,protect_test,10_to_20_hrs,intermediate,high_school,systems_reliability,technical_engineering,devops_cloud
1.5,3.6,1.0,4.5,1.7,5.0,4.3,2.8,4.6,build_systems,10_to_20_hrs,intermediate,self_taught,quality_adversarial,systems_security,devops_cloud
2.8,4.0,1.3,5.0,2.1,4.9,3.8,2.3,4.5,build_systems,5_to_10_hrs,advanced,non_cs_degree,systems_reliability,systems_security,devops_cloud
3.4,3.6,1.4,4.5,1.7,4.6,5.0,1.7,4.5,build_systems,10_to_20_hrs,none,non_cs_degree,systems_reliability,systems_security,devops_cloud
2.2,4.4,1.8,4.3,3.1,4.5,3.9,2.5,4.3,build_systems,5_to_10_hrs,none,non_cs_degree,quality_adversarial,technical_engineering,devops_cloud
4.0,3.6,1.8,4.4,2.2,4.8,5.0,2.0,5.0,build_systems,5_to_10_hrs,none,cs_degree,systems_reliability,systems_security,devops_cloud
3.2,3.4,1.7,3.9,1.3,4.6,4.6,3.6,4.5,protect_test,5_to_10_hrs,basics,self_taught,systems_reliability,systems_security,devops_cloud
2.3,3.8,1.7,4.4,3.6,4.8,4.2,2.7,4.0,build_systems,10_to_20_hrs,none,cs_degree,quality_adversarial,systems_security,devops_cloud
3.1,4.3,1.3,4.3,2.7,4.9,4.5,1.4,3.8,build_systems,5_to_10_hrs,basics,non_cs_degree,quality_adversarial,technical_engineering,devops_cloud
2.9,4.8,1.6,4.2,2.1,4.8,3.8,2.7,4.5,build_systems,5_to_10_hrs,basics,non_cs_degree,systems_reliability,systems_security,devops_cloud
2.9,3.5,1.5,4.2,3.4,4.9,3.7,2.1,4.0,build_systems,5_to_10_hrs,intermediate,high_school,quality_adversarial,systems_security,devops_cloud
3.0,3.0,1.3,4.1,2.9,4.9,4.3,2.1,4.7,build_systems,5_to_10_hrs,intermediate,non_cs_degree,systems_reliability,technical_engineering,devops_cloud
1.4,2.6,1.4,4.4,2.9,4.8,4.2,2.0,5.0,protect_test,10_to_20_hrs,none,cs_degree,systems_reliability,technical_engineering,devops_cloud
3.8,2.7,1.1,4.2,2.8,4.6,4.3,2.5,4.8,build_systems,5_to_10_hrs,none,self_taught,systems_reliability,technical_engineering,devops_cloud
2.4,3.4,1.5,4.1,2.6,5.0,3.9,2.2,4.6,build_systems,20_plus_hrs,advanced,high_school,systems_reliability,systems_security,devops_cloud
1.8,3.1,1.3,4.5,2.4,5.0,3.7,2.5,4.3,build_systems,20_plus_hrs,advanced,cs_degree,quality_adversarial,technical_engineering,devops_cloud
3.0,4.1,1.0,4.1,2.8,5.0,4.3,2.0,4.2,build_systems,20_plus_hrs,none,cs_degree,systems_reliability,systems_security,devops_cloud
2.7,4.0,1.5,4.5,2.6,4.6,3.5,1.9,4.4,protect_test,5_to_10_hrs,intermediate,non_cs_degree,systems_reliability,systems_security,devops_cloud
3.2,4.0,1.4,3.8,2.6,4.6,3.9,2.6,4.3,build_systems,10_to_20_hrs,intermediate,cs_degree,systems_reliability,systems_security,devops_cloud
2.5,3.2,1.6,4.6,3.6,4.9,3.5,1.8,4.1,protect_test,10_to_20_hrs,intermediate,non_cs_degree,systems_reliability,systems_security,devops_cloud
2.9,3.7,1.6,3.7,3.1,4.8,3.8,1.3,4.3,build_systems,10_to_20_hrs,advanced,high_school,systems_reliability,technical_engineering,devops_cloud
3.2,3.8,1.6,4.3,2.9,4.8,2.8,1.5,5.0,build_systems,under_5_hrs,none,high_school,systems_reliability,systems_security,devops_cloud
2.5,3.7,1.2,4.9,1.7,4.8,4.1,2.4,4.4,protect_test,under_5_hrs,basics,high_school,systems_reliability,systems_security,devops_cloud
2.9,3.3,1.0,3.8,2.2,4.7,3.7,2.0,3.9,protect_test,10_to_20_hrs,none,non_cs_degree,systems_reliability,systems_security,devops_cloud
2.9,3.7,1.9,4.2,2.4,4.9,5.0,1.7,4.0,build_systems,5_to_10_hrs,none,cs_degree,systems_reliability,systems_security,devops_cloud
3.4,3.3,1.4,5.0,3.5,4.8,4.0,2.1,3.6,build_systems,10_to_20_hrs,advanced,high_school,systems_reliability,technical_engineering,devops_cloud
2.2,4.2,1.1,4.4,3.7,4.7,3.5,1.2,4.7,build_systems,5_to_10_hrs,none,non_cs_degree,quality_adversarial,systems_security,devops_cloud
2.0,3.7,1.7,4.3,3.6,4.8,3.8,2.5,4.8,build_systems,20_plus_hrs,basics,non_cs_degree,quality_adversarial,systems_security,devops_cloud
1.3,3.8,1.1,3.6,2.8,4.9,4.0,1.7,4.5,build_systems,5_to_10_hrs,intermediate,self_taught,quality_adversarial,systems_security,devops_cloud
2.1,4.2,2.4,4.1,2.6,4.6,5.0,2.3,4.5,build_systems,under_5_hrs,intermediate,high_school,quality_adversarial,systems_security,devops_cloud
2.3,3.3,1.5,4.4,3.0,4.5,4.2,2.2,4.8,protect_test,10_to_20_hrs,none,non_cs_degree,systems_reliability,systems_security,devops_cloud
1.6,3.5,1.3,4.4,2.3,4.7,4.4,1.5,4.6,protect_test,under_5_hrs,advanced,high_school,quality_adversarial,systems_security,devops_cloud
2.8,3.9,1.6,4.6,2.4,4.7,4.1,1.8,3.9,protect_test,10_to_20_hrs,none,non_cs_degree,systems_reliability,systems_security,devops_cloud
2.9,4.1,1.8,3.6,2.8,4.9,4.4,2.1,5.0,protect_test,5_to_10_hrs,advanced,self_taught,quality_adversarial,systems_security,devops_cloud
3.7,3.8,1.8,4.2,3.2,4.6,3.7,2.5,3.9,build_systems,5_to_10_hrs,basics,high_school,systems_reliability,technical_engineering,devops_cloud
3.6,3.4,1.7,4.1,2.7,4.8,3.9,2.7,4.2,build_systems,5_to_10_hrs,advanced,high_school,systems_reliability,technical_engineering,devops_cloud
1.0,4.3,1.0,4.4,2.1,4.7,4.3,1.9,4.6,build_systems,10_to_20_hrs,none,cs_degree,systems_reliability,technical_engineering,devops_cloud
2.8,3.7,1.0,4.4,1.7,4.5,4.2,2.1,4.7,build_systems,10_to_20_hrs,none,high_school,systems_reliability,systems_security,devops_cloud
3.5,3.8,1.8,4.3,3.4,5.0,5.0,2.5,4.7,build_systems,20_plus_hrs,intermediate,self_taught,quality_adversarial,technical_engineering,devops_cloud
2.5,3.8,1.0,4.5,2.6,4.6,3.4,2.5,4.6,build_systems,20_plus_hrs,none,self_taught,quality_adversarial,technical_engineering,devops_cloud
2.1,4.3,1.7,3.6,3.5,4.6,4.0,1.7,4.2,protect_test,20_plus_hrs,advanced,non_cs_degree,systems_reliability,systems_security,devops_cloud
2.4,3.7,1.4,4.3,2.8,4.8,4.5,2.3,4.5,build_systems,10_to_20_hrs,intermediate,self_taught,systems_reliability,systems_security,devops_cloud
2.5,3.5,1.8,4.4,2.4,4.6,4.4,2.1,4.8,protect_test,under_5_hrs,advanced,self_taught,quality_adversarial,systems_security,devops_cloud
1.3,2.8,1.0,4.0,2.9,5.0,4.2,2.4,4.2,build_systems,20_plus_hrs,none,cs_degree,systems_reliability,systems_security,devops_cloud
2.6,3.1,1.9,4.4,3.5,5.0,3.6,2.1,4.8,build_systems,under_5_hrs,advanced,non_cs_degree,quality_adversarial,systems_security,devops_cloud
1.7,3.7,1.7,4.5,2.4,4.8,4.6,3.0,4.7,build_systems,5_to_10_hrs,basics,self_taught,systems_reliability,technical_engineering,devops_cloud
2.8,3.5,1.4,5.0,2.3,4.6,3.6,1.9,4.6,protect_test,under_5_hrs,none,cs_degree,systems_reliability,technical_engineering,devops_cloud
1.9,3.5,1.7,3.6,2.3,5.0,4.5,1.6,4.2,build_systems,under_5_hrs,basics,high_school,systems_reliability,technical_engineering,devops_cloud
3.7,3.3,1.1,4.6,2.5,4.7,4.1,2.5,4.8,build_systems,10_to_20_hrs,basics,cs_degree,quality_adversarial,technical_engineering,devops_cloud
2.5,4.0,1.3,4.6,1.8,4.5,3.6,2.6,4.6,build_systems,10_to_20_hrs,basics,self_taught,quality_adversarial,systems_security,devops_cloud
1.6,3.5,1.4,4.8,2.5,4.8,3.8,2.1,4.3,protect_test,10_to_20_hrs,none,self_taught,systems_reliability,systems_security,devops_cloud
2.0,4.4,2.0,4.9,2.9,4.9,4.2,2.6,3.8,build_systems,20_plus_hrs,none,self_taught,quality_adversarial,systems_security,devops_cloud
3.1,3.6,1.7,4.5,2.9,4.8,3.5,2.6,4.7,build_systems,5_to_10_hrs,basics,self_taught,systems_reliability,systems_security,devops_cloud
2.9,4.0,1.7,4.7,2.9,4.7,3.8,2.2,4.5,build_systems,under_5_hrs,basics,high_school,systems_reliability,systems_security,devops_cloud
2.3,4.6,1.3,4.3,2.6,4.7,4.7,2.1,4.9,build_systems,10_to_20_hrs,advanced,high_school,quality_adversarial,technical_engineering,devops_cloud
3.1,3.0,1.1,4.2,2.5,4.4,4.0,2.3,4.8,protect_test,under_5_hrs,advanced,non_cs_degree,systems_reliability,technical_engineering,devops_cloud
3.7,4.3,1.0,4.5,3.2,4.9,4.9,2.4,4.4,protect_test,under_5_hrs,none,self_taught,systems_reliability,technical_engineering,cybersecurity
2.4,4.2,1.5,4.7,3.7,4.4,5.0,2.8,4.7,build_systems,under_5_hrs,none,high_school,quality_adversarial,technical_engineering,cybersecurity
3.2,3.9,1.4,4.2,3.2,5.0,4.9,2.5,4.4,protect_test,10_to_20_hrs,basics,cs_degree,quality_adversarial,technical_engineering,cybersecurity
2.3,4.0,1.4,4.3,2.6,3.9,5.0,3.0,4.4,protect_test,under_5_hrs,basics,cs_degree,quality_adversarial,systems_security,cybersecurity
2.0,3.1,1.1,4.7,3.8,4.7,4.9,3.1,3.9,protect_test,5_to_10_hrs,none,high_school,systems_reliability,technical_engineering,cybersecurity
3.0,3.6,1.5,3.7,3.3,4.0,4.9,3.0,4.9,protect_test,10_to_20_hrs,intermediate,high_school,quality_adversarial,systems_security,cybersecurity
3.1,3.9,1.6,4.8,4.7,3.5,5.0,3.6,4.3,build_systems,5_to_10_hrs,advanced,non_cs_degree,quality_adversarial,technical_engineering,cybersecurity
2.4,4.7,1.4,5.0,2.5,3.8,4.9,1.8,4.9,protect_test,10_to_20_hrs,advanced,high_school,quality_adversarial,systems_security,cybersecurity
2.7,5.0,1.0,4.2,3.5,4.3,5.0,2.6,4.9,protect_test,20_plus_hrs,advanced,high_school,systems_reliability,systems_security,cybersecurity
2.7,4.5,1.0,4.7,2.8,4.1,4.9,3.1,4.2,protect_test,under_5_hrs,none,non_cs_degree,quality_adversarial,systems_security,cybersecurity
2.9,3.9,1.6,4.3,3.5,3.5,4.9,2.8,4.4,protect_test,5_to_10_hrs,none,self_taught,quality_adversarial,systems_security,cybersecurity
3.5,3.8,1.0,4.3,3.0,3.8,5.0,2.1,4.1,build_systems,5_to_10_hrs,intermediate,cs_degree,quality_adversarial,technical_engineering,cybersecurity
3.3,3.8,1.9,4.8,2.5,4.3,4.9,3.1,4.7,protect_test,10_to_20_hrs,advanced,non_cs_degree,quality_adversarial,technical_engineering,cybersecurity
2.5,3.1,1.7,4.2,3.0,4.4,4.8,2.3,4.4,protect_test,20_plus_hrs,basics,self_taught,systems_reliability,technical_engineering,cybersecurity
3.1,3.5,1.7,4.5,2.9,4.2,4.9,2.4,3.9,protect_test,10_to_20_hrs,none,non_cs_degree,quality_adversarial,systems_security,cybersecurity
2.8,4.6,1.3,4.9,3.1,4.7,5.0,2.0,4.4,build_systems,10_to_20_hrs,none,high_school,quality_adversarial,systems_security,cybersecurity
3.8,3.0,2.0,4.3,4.2,3.8,4.9,2.6,4.4,build_systems,under_5_hrs,basics,high_school,quality_adversarial,technical_engineering,cybersecurity
3.6,3.1,1.5,4.3,2.9,3.4,4.9,3.0,4.6,protect_test,20_plus_hrs,basics,non_cs_degree,quality_adversarial,systems_security,cybersecurity
2.8,4.1,2.0,4.1,2.5,3.9,4.9,2.1,4.1,build_systems,10_to_20_hrs,none,cs_degree,systems_reliability,systems_security,cybersecurity
2.5,3.7,1.3,4.4,4.5,4.1,4.9,3.7,4.4,protect_test,under_5_hrs,basics,cs_degree,quality_adversarial,systems_security,cybersecurity
2.4,4.3,1.7,4.8,3.6,4.6,4.9,3.0,4.8,build_systems,5_to_10_hrs,advanced,cs_degree,quality_adversarial,systems_security,cybersecurity
3.4,3.7,1.2,4.4,3.3,4.4,4.8,2.7,4.6,protect_test,10_to_20_hrs,intermediate,cs_degree,quality_adversarial,technical_engineering,cybersecurity
3.1,3.9,1.4,4.3,2.9,4.2,4.9,2.6,4.1,protect_test,10_to_20_hrs,intermediate,cs_degree,systems_reliability,systems_security,cybersecurity
3.2,3.9,1.4,4.0,3.2,4.4,4.9,1.7,4.3,protect_test,under_5_hrs,intermediate,self_taught,quality_adversarial,systems_security,cybersecurity
2.2,3.5,2.3,3.7,3.6,3.9,4.9,2.6,4.4,protect_test,under_5_hrs,none,self_taught,quality_adversarial,systems_security,cybersecurity
3.1,4.0,1.3,4.8,3.1,3.7,4.8,3.3,4.6,build_systems,under_5_hrs,none,cs_degree,quality_adversarial,systems_security,cybersecurity
3.2,3.4,1.3,4.3,3.6,4.8,4.9,2.9,4.2,build_systems,5_to_10_hrs,none,cs_degree,quality_adversarial,systems_security,cybersecurity
2.6,3.5,1.0,4.4,2.1,4.9,4.8,2.8,4.8,protect_test,under_5_hrs,basics,high_school,systems_reliability,systems_security,cybersecurity
3.9,3.6,1.7,4.5,3.5,4.6,4.8,2.2,4.8,protect_test,5_to_10_hrs,intermediate,self_taught,quality_adversarial,systems_security,cybersecurity
2.0,3.5,1.8,4.7,2.6,4.5,4.7,2.2,4.3,protect_test,20_plus_hrs,advanced,non_cs_degree,quality_adversarial,systems_security,cybersecurity
3.2,4.2,1.5,5.0,3.8,4.3,4.8,3.4,4.4,build_systems,20_plus_hrs,intermediate,cs_degree,quality_adversarial,systems_security,cybersecurity
2.2,3.7,1.4,4.4,3.5,4.9,4.9,2.9,5.0,protect_test,10_to_20_hrs,intermediate,non_cs_degree,systems_reliability,systems_security,cybersecurity
2.8,3.9,1.6,4.5,4.3,4.4,4.9,2.7,4.6,protect_test,5_to_10_hrs,advanced,non_cs_degree,quality_adversarial,systems_security,cybersecurity
1.6,2.6,1.3,4.7,2.9,4.2,4.8,2.6,4.5,protect_test,20_plus_hrs,basics,non_cs_degree,quality_adversarial,systems_security,cybersecurity
3.1,3.1,1.0,4.4,2.8,4.2,4.8,3.4,5.0,protect_test,10_to_20_hrs,none,self_taught,systems_reliability,systems_security,cybersecurity
3.2,4.4,1.2,4.6,2.6,4.4,4.9,2.8,4.3,protect_test,10_to_20_hrs,none,self_taught,quality_adversarial,systems_security,cybersecurity
2.8,3.1,2.2,4.3,3.6,4.2,5.0,2.6,5.0,protect_test,20_plus_hrs,intermediate,high_school,quality_adversarial,systems_security,cybersecurity
3.0,4.2,1.5,4.2,2.9,4.5,4.9,3.3,4.3,build_systems,20_plus_hrs,none,self_taught,quality_adversarial,technical_engineering,cybersecurity
2.8,3.3,2.1,5.0,2.8,4.2,4.9,2.4,4.7,protect_test,10_to_20_hrs,intermediate,self_taught,quality_adversarial,systems_security,cybersecurity
3.4,4.1,1.6,4.4,2.5,4.3,5.0,2.5,5.0,protect_test,20_plus_hrs,intermediate,cs_degree,systems_reliability,technical_engineering,cybersecurity
2.6,3.3,1.4,4.3,3.6,3.5,4.9,2.6,4.9,build_systems,5_to_10_hrs,intermediate,cs_degree,systems_reliability,technical_engineering,cybersecurity
2.9,4.0,1.3,4.7,3.3,4.6,4.8,3.0,4.6,build_systems,5_to_10_hrs,basics,high_school,systems_reliability,technical_engineering,cybersecurity
3.8,4.2,1.4,4.3,3.4,3.7,4.9,2.8,3.9,protect_test,5_to_10_hrs,advanced,cs_degree,systems_reliability,systems_security,cybersecurity
2.4,3.3,1.6,4.3,3.0,3.9,4.9,3.3,4.8,protect_test,under_5_hrs,basics,cs_degree,quality_adversarial,technical_engineering,cybersecurity
2.9,2.6,1.0,4.7,3.4,4.5,4.9,2.2,4.6,protect_test,20_plus_hrs,advanced,non_cs_degree,quality_adversarial,technical_engineering,cybersecurity
3.1,3.5,1.5,4.2,3.6,4.7,4.8,2.9,5.0,protect_test,5_to_10_hrs,advanced,self_taught,systems_reliability,technical_engineering,cybersecurity
4.1,4.5,1.1,5.0,3.5,4.1,5.0,1.9,4.6,protect_test,under_5_hrs,intermediate,non_cs_degree,quality_adversarial,technical_engineering,cybersecurity
3.5,3.4,1.3,5.0,3.9,3.9,4.9,1.7,4.3,build_systems,10_to_20_hrs,none,cs_degree,quality_adversarial,technical_engineering,cybersecurity
3.2,2.4,1.7,4.4,3.7,4.1,5.0,2.9,4.4,protect_test,under_5_hrs,advanced,self_taught,quality_adversarial,systems_security,cybersecurity
2.8,3.5,2.0,4.4,4.1,4.2,4.9,2.8,4.7,protect_test,5_to_10_hrs,intermediate,non_cs_degree,quality_adversarial,technical_engineering,cybersecurity
2.8,3.2,1.9,4.9,2.6,3.8,4.9,3.1,4.8,protect_test,20_plus_hrs,none,non_cs_degree,quality_adversarial,technical_engineering,cybersecurity
2.9,3.8,1.9,5.0,3.3,4.6,4.9,3.5,4.8,protect_test,under_5_hrs,none,non_cs_degree,systems_reliability,systems_security,cybersecurity
1.8,3.8,1.4,4.6,2.3,3.9,4.9,2.7,4.4,protect_test,under_5_hrs,intermediate,cs_degree,quality_adversarial,systems_security,cybersecurity
3.3,3.3,1.0,4.6,3.7,4.5,4.9,2.4,4.0,build_systems,20_plus_hrs,intermediate,non_cs_degree,systems_reliability,technical_engineering,cybersecurity
3.3,3.7,1.5,4.9,3.6,4.5,4.9,2.9,4.3,build_systems,20_plus_hrs,basics,cs_degree,quality_adversarial,technical_engineering,cybersecurity
2.2,2.9,2.2,4.9,2.5,3.9,4.9,2.8,4.1,protect_test,5_to_10_hrs,basics,non_cs_degree,quality_adversarial,systems_security,cybersecurity
3.7,3.1,1.4,4.6,3.0,4.1,5.0,2.7,4.9,protect_test,20_plus_hrs,basics,high_school,quality_adversarial,technical_engineering,cybersecurity
2.4,3.4,1.7,4.4,2.9,4.6,4.9,3.5,4.2,protect_test,20_plus_hrs,intermediate,self_taught,quality_adversarial,systems_security,cybersecurity
3.0,4.0,1.9,5.0,3.5,4.6,4.8,3.0,3.9,protect_test,5_to_10_hrs,advanced,cs_degree,systems_reliability,systems_security,cybersecurity
2.5,4.1,1.8,4.4,2.4,4.5,5.0,3.1,3.9,build_systems,under_5_hrs,none,cs_degree,quality_adversarial,systems_security,cybersecurity
2.6,3.3,1.8,4.6,3.7,4.7,4.9,2.5,4.6,build_systems,5_to_10_hrs,basics,high_school,quality_adversarial,systems_security,cybersecurity
3.0,5.0,1.6,4.6,3.3,4.3,4.8,3.6,4.2,protect_test,under_5_hrs,none,non_cs_degree,quality_adversarial,systems_security,cybersecurity
1.9,3.4,1.4,4.8,4.5,3.6,4.9,2.0,4.1,protect_test,5_to_10_hrs,advanced,non_cs_degree,systems_reliability,systems_security,cybersecurity
2.5,4.1,1.4,5.0,3.3,4.0,5.0,2.4,4.3,build_systems,20_plus_hrs,advanced,cs_degree,systems_reliability,systems_security,cybersecurity
3.3,3.5,1.7,4.6,3.8,4.3,5.0,3.1,4.5,build_systems,5_to_10_hrs,none,non_cs_degree,systems_reliability,systems_security,cybersecurity
3.9,3.9,1.2,4.6,3.3,3.6,4.8,2.7,4.6,protect_test,under_5_hrs,advanced,self_taught,systems_reliability,technical_engineering,cybersecurity
3.3,4.4,1.1,3.8,3.0,3.9,5.0,3.0,4.4,build_systems,under_5_hrs,advanced,high_school,systems_reliability,systems_security,cybersecurity
4.3,3.8,1.4,4.6,3.3,4.8,4.8,2.5,4.7,protect_test,10_to_20_hrs,advanced,high_school,systems_reliability,technical_engineering,cybersecurity
3.3,3.4,1.9,4.4,3.1,3.5,4.7,2.3,4.7,protect_test,20_plus_hrs,none,high_school,quality_adversarial,technical_engineering,cybersecurity
2.8,4.5,1.5,4.1,2.6,4.5,4.8,3.3,4.1,build_systems,under_5_hrs,intermediate,high_school,quality_adversarial,technical_engineering,cybersecurity
2.1,3.4,2.1,4.5,3.5,3.8,4.9,2.1,4.6,build_systems,10_to_20_hrs,none,self_taught,systems_reliability,technical_engineering,cybersecurity
2.3,3.5,1.7,5.0,3.5,4.6,4.8,2.5,4.7,protect_test,under_5_hrs,intermediate,non_cs_degree,quality_adversarial,systems_security,cybersecurity
3.1,4.2,1.3,4.5,3.4,3.4,5.0,1.9,4.8,build_systems,under_5_hrs,none,cs_degree,quality_adversarial,systems_security,cybersecurity
3.9,3.4,1.9,4.6,4.5,4.1,4.9,2.5,5.0,protect_test,20_plus_hrs,advanced,high_school,quality_adversarial,systems_security,cybersecurity
2.4,3.1,1.1,4.9,2.8,3.9,4.9,3.5,4.6,protect_test,5_to_10_hrs,none,cs_degree,quality_adversarial,systems_security,cybersecurity
3.2,4.0,1.6,4.3,2.6,3.6,4.9,1.7,4.3,protect_test,10_to_20_hrs,none,non_cs_degree,systems_reliability,systems_security,cybersecurity
2.5,4.1,1.6,4.6,3.5,3.8,4.8,2.3,4.7,protect_test,20_plus_hrs,advanced,cs_degree,systems_reliability,technical_engineering,cybersecurity
3.5,2.9,1.9,4.2,3.4,4.2,4.9,2.4,4.8,build_systems,10_to_20_hrs,intermediate,non_cs_degree,systems_reliability,systems_security,cybersecurity
2.9,3.8,1.6,4.5,2.9,4.4,4.9,2.5,5.0,build_systems,10_to_20_hrs,none,high_school,quality_adversarial,technical_engineering,cybersecurity
2.8,3.4,1.5,4.4,3.8,4.5,5.0,1.8,4.6,protect_test,10_to_20_hrs,advanced,cs_degree,quality_adversarial,systems_security,cybersecurity
3.0,4.0,1.7,4.1,3.6,4.2,5.0,2.9,4.2,protect_test,under_5_hrs,basics,self_taught,quality_adversarial,systems_security,cybersecurity
2.2,4.2,1.5,4.5,2.6,4.4,4.8,2.1,4.3,build_systems,20_plus_hrs,intermediate,self_taught,quality_adversarial,systems_security,cybersecurity
4.0,3.8,1.7,4.1,3.3,3.4,4.9,2.2,4.7,protect_test,10_to_20_hrs,none,high_school,quality_adversarial,systems_security,cybersecurity
1.4,2.9,1.8,4.1,3.8,4.1,4.9,2.6,4.8,build_systems,under_5_hrs,basics,non_cs_degree,systems_reliability,technical_engineering,cybersecurity
3.6,3.6,1.5,4.5,3.2,4.1,4.9,3.0,4.3,build_systems,under_5_hrs,basics,non_cs_degree,systems_reliability,systems_security,cybersecurity
3.6,3.6,2.2,4.7,3.8,4.6,4.8,2.5,4.2,build_systems,10_to_20_hrs,intermediate,non_cs_degree,quality_adversarial,technical_engineering,cybersecurity
3.8,4.0,1.5,4.8,2.9,3.7,5.0,3.0,4.3,build_systems,10_to_20_hrs,advanced,non_cs_degree,systems_reliability,systems_security,cybersecurity
2.8,3.1,1.7,3.9,3.7,4.0,4.7,2.5,3.9,build_systems,5_to_10_hrs,advanced,cs_degree,quality_adversarial,systems_security,cybersecurity
1.7,3.4,1.7,4.3,2.8,5.0,4.9,2.5,4.5,build_systems,5_to_10_hrs,basics,non_cs_degree,quality_adversarial,systems_security,cybersecurity
2.5,4.4,1.7,4.8,3.4,3.9,4.9,2.6,4.4,protect_test,20_plus_hrs,none,self_taught,quality_adversarial,technical_engineering,cybersecurity
3.3,3.8,1.3,4.5,3.0,4.7,4.9,2.9,4.6,protect_test,under_5_hrs,advanced,cs_degree,quality_adversarial,systems_security,cybersecurity
2.5,3.8,1.8,4.3,3.1,4.2,4.9,2.5,4.8,protect_test,under_5_hrs,none,cs_degree,quality_adversarial,systems_security,cybersecurity
2.3,3.5,1.4,4.7,2.7,3.9,4.9,2.9,4.3,build_systems,5_to_10_hrs,intermediate,high_school,quality_adversarial,systems_security,cybersecurity
1.8,4.2,1.2,5.0,3.9,3.7,4.9,3.2,4.4,build_systems,20_plus_hrs,basics,non_cs_degree,quality_adversarial,systems_security,cybersecurity
3.7,3.8,1.9,4.8,3.8,3.5,5.0,3.3,4.3,build_systems,20_plus_hrs,advanced,non_cs_degree,quality_adversarial,systems_security,cybersecurity
2.3,3.5,1.4,4.5,3.5,3.9,4.9,2.7,4.3,protect_test,20_plus_hrs,advanced,cs_degree,quality_adversarial,technical_engineering,cybersecurity
2.5,4.5,1.3,4.2,3.8,4.8,4.9,3.3,4.5,protect_test,10_to_20_hrs,advanced,self_taught,systems_reliability,technical_engineering,cybersecurity
2.7,4.0,1.6,4.2,3.7,3.9,4.8,3.0,4.2,protect_test,under_5_hrs,advanced,non_cs_degree,quality_adversarial,systems_security,cybersecurity
3.7,3.5,2.2,4.9,2.7,4.2,4.9,4.0,4.7,protect_test,10_to_20_hrs,basics,non_cs_degree,quality_adversarial,systems_security,cybersecurity
2.3,2.7,1.4,4.6,3.4,3.8,5.0,3.1,5.0,protect_test,5_to_10_hrs,intermediate,cs_degree,quality_adversarial,technical_engineering,cybersecurity
3.5,3.5,1.6,4.8,3.5,5.0,5.0,2.9,4.3,protect_test,20_plus_hrs,intermediate,high_school,quality_adversarial,technical_engineering,cybersecurity
4.1,3.4,1.0,4.8,3.4,4.3,4.9,2.2,4.5,protect_test,10_to_20_hrs,intermediate,high_school,quality_adversarial,technical_engineering,cybersecurity
3.4,4.4,1.6,4.3,3.3,4.5,4.9,2.3,4.7,protect_test,under_5_hrs,intermediate,self_taught,quality_adversarial,technical_engineering,cybersecurity
3.2,3.7,1.4,4.1,3.5,3.7,4.9,2.2,4.5,protect_test,20_plus_hrs,none,high_school,quality_adversarial,systems_security,cybersecurity
2.9,3.4,1.4,5.0,3.0,3.8,5.0,4.4,4.6,build_systems,5_to_10_hrs,advanced,non_cs_degree,systems_reliability,systems_security,cybersecurity
2.4,3.3,1.2,5.0,2.7,3.6,4.9,2.2,4.5,build_systems,20_plus_hrs,none,cs_degree,systems_reliability,systems_security,cybersecurity
3.0,4.4,1.4,4.9,2.6,4.9,5.0,3.2,4.4,protect_test,under_5_hrs,intermediate,cs_degree,systems_reliability,systems_security,cybersecurity
3.8,4.8,1.2,4.4,3.3,4.5,4.9,2.8,4.3,protect_test,5_to_10_hrs,advanced,non_cs_degree,quality_adversarial,systems_security,cybersecurity
2.2,3.7,1.5,5.0,3.3,4.0,4.9,1.9,4.1,build_systems,10_to_20_hrs,basics,cs_degree,quality_adversarial,technical_engineering,cybersecurity
1.7,3.7,1.5,4.7,2.9,3.3,4.9,2.9,4.3,build_systems,under_5_hrs,intermediate,non_cs_degree,quality_adversarial,systems_security,cybersecurity
2.6,3.6,1.0,4.5,5.0,4.2,4.9,3.8,4.6,protect_test,10_to_20_hrs,intermediate,non_cs_degree,systems_reliability,systems_security,cybersecurity
3.2,3.1,1.5,4.0,2.2,4.6,5.0,2.4,4.6,build_systems,20_plus_hrs,advanced,high_school,systems_reliability,systems_security,cybersecurity
2.9,3.7,1.5,4.3,3.9,3.9,4.9,2.4,4.2,build_systems,5_to_10_hrs,advanced,high_school,quality_adversarial,systems_security,cybersecurity
3.1,4.0,1.8,4.6,3.6,3.5,4.8,2.8,4.5,protect_test,5_to_10_hrs,none,high_school,systems_reliability,systems_security,cybersecurity
3.5,3.5,1.0,4.5,2.8,4.2,4.9,2.8,4.7,build_systems,20_plus_hrs,advanced,non_cs_degree,quality_adversarial,systems_security,cybersecurity
2.1,4.9,2.1,3.8,2.4,4.8,4.9,2.3,4.5,protect_test,20_plus_hrs,intermediate,cs_degree,quality_adversarial,systems_security,cybersecurity
3.5,3.0,1.5,4.5,2.3,3.4,4.9,3.2,4.3,build_systems,20_plus_hrs,basics,high_school,quality_adversarial,systems_security,cybersecurity
2.7,4.1,1.5,4.2,3.1,4.0,5.0,2.9,4.7,protect_test,10_to_20_hrs,basics,self_taught,quality_adversarial,technical_engineering,cybersecurity
3.0,4.0,2.1,4.1,2.6,4.1,5.0,3.1,3.9,protect_test,10_to_20_hrs,advanced,cs_degree,quality_adversarial,systems_security,cybersecurity
1.6,2.8,1.5,5.0,4.0,4.0,4.9,3.3,4.1,build_systems,5_to_10_hrs,advanced,high_school,quality_adversarial,systems_security,cybersecurity
2.6,3.7,1.7,4.6,3.8,3.7,5.0,3.1,5.0,protect_test,20_plus_hrs,advanced,non_cs_degree,quality_adversarial,technical_engineering,cybersecurity
2.5,3.2,1.6,5.0,3.3,3.9,4.8,2.8,4.6,protect_test,10_to_20_hrs,advanced,non_cs_degree,systems_reliability,technical_engineering,cybersecurity
2.8,3.9,1.4,4.1,3.2,3.6,4.8,2.2,4.7,protect_test,5_to_10_hrs,basics,non_cs_degree,systems_reliability,systems_security,cybersecurity
3.2,3.3,1.4,4.6,3.0,4.0,4.9,2.6,4.0,protect_test,20_plus_hrs,intermediate,self_taught,quality_adversarial,systems_security,cybersecurity
2.7,3.9,1.1,4.6,3.8,4.0,4.9,3.4,4.5,protect_test,10_to_20_hrs,none,high_school,quality_adversarial,systems_security,cybersecurity
2.8,3.3,1.4,4.8,3.3,4.0,4.9,2.9,5.0,build_systems,under_5_hrs,none,non_cs_degree,systems_reliability,systems_security,cybersecurity
2.1,2.8,1.8,4.2,4.0,3.9,4.9,2.9,4.3,protect_test,20_plus_hrs,basics,self_taught,quality_adversarial,technical_engineering,cybersecurity
2.6,4.2,1.5,4.6,3.0,4.3,4.8,3.0,4.6,protect_test,10_to_20_hrs,basics,high_school,quality_adversarial,technical_engineering,cybersecurity
3.7,2.9,1.5,4.2,4.1,3.6,5.0,3.4,4.0,protect_test,20_plus_hrs,none,high_school,quality_adversarial,systems_security,cybersecurity
1.7,3.9,1.9,5.0,3.2,4.6,4.9,3.3,4.7,protect_test,10_to_20_hrs,basics,non_cs_degree,quality_adversarial,systems_security,cybersecurity
2.7,4.1,1.6,4.8,3.5,3.2,4.8,2.6,4.2,protect_test,10_to_20_hrs,basics,cs_degree,quality_adversarial,systems_security,cybersecurity
2.8,4.1,1.7,4.0,4.3,4.5,4.9,1.8,4.3,protect_test,5_to_10_hrs,intermediate,non_cs_degree,quality_adversarial,technical_engineering,cybersecurity
3.0,3.1,2.0,4.0,3.9,3.9,4.9,2.8,4.4,build_systems,under_5_hrs,basics,cs_degree,systems_reliability,systems_security,cybersecurity
2.1,3.4,1.7,4.7,2.8,4.5,5.0,3.3,3.9,protect_test,20_plus_hrs,basics,self_taught,systems_reliability,systems_security,cybersecurity
2.6,4.6,2.2,4.0,2.9,4.1,5.0,2.6,5.0,build_systems,5_to_10_hrs,basics,non_cs_degree,quality_adversarial,systems_security,cybersecurity
3.3,3.6,1.6,4.8,2.7,4.1,4.9,2.4,4.5,protect_test,10_to_20_hrs,basics,high_school,quality_adversarial,systems_security,cybersecurity
2.6,3.3,1.5,4.0,3.0,3.7,4.8,2.6,4.9,protect_test,10_to_20_hrs,basics,cs_degree,quality_adversarial,technical_engineering,cybersecurity
3.0,4.1,1.0,4.8,3.3,3.9,4.9,2.6,5.0,protect_test,5_to_10_hrs,intermediate,high_school,systems_reliability,systems_security,cybersecurity
2.9,3.3,1.5,4.4,3.3,4.3,4.9,3.0,4.9,protect_test,20_plus_hrs,intermediate,non_cs_degree,quality_adversarial,technical_engineering,cybersecurity
2.9,3.6,1.4,5.0,3.9,3.7,4.8,2.5,3.2,build_systems,5_to_10_hrs,intermediate,cs_degree,systems_reliability,systems_security,cybersecurity
2.5,2.9,1.6,4.4,2.8,4.6,4.9,2.7,4.6,protect_test,under_5_hrs,advanced,high_school,systems_reliability,systems_security,cybersecurity
2.5,3.4,1.0,4.2,3.5,4.3,5.0,2.4,4.6,protect_test,10_to_20_hrs,basics,self_taught,quality_adversarial,technical_engineering,cybersecurity
3.2,3.5,1.6,4.5,2.8,4.2,5.0,2.4,3.8,build_systems,20_plus_hrs,basics,high_school,quality_adversarial,technical_engineering,cybersecurity
2.4,4.8,1.6,3.8,3.8,4.0,4.9,2.8,4.3,protect_test,under_5_hrs,advanced,self_taught,quality_adversarial,systems_security,cybersecurity
3.7,3.6,1.4,4.4,3.8,4.2,4.8,3.6,4.7,build_systems,20_plus_hrs,basics,self_taught,quality_adversarial,technical_engineering,cybersecurity
3.0,3.9,1.8,4.8,3.3,5.0,4.9,2.2,4.8,protect_test,5_to_10_hrs,intermediate,self_taught,quality_adversarial,technical_engineering,cybersecurity
3.0,3.5,1.3,4.8,3.6,4.0,4.9,2.2,4.6,build_systems,10_to_20_hrs,basics,high_school,quality_adversarial,systems_security,cybersecurity
2.6,4.2,1.5,4.9,3.8,4.1,4.9,3.2,4.7,protect_test,10_to_20_hrs,advanced,cs_degree,quality_adversarial,systems_security,cybersecurity
2.4,3.8,1.6,3.9,2.7,4.9,5.0,3.4,4.6,protect_test,20_plus_hrs,none,non_cs_degree,systems_reliability,systems_security,cybersecurity
2.8,3.4,1.3,3.9,3.8,3.8,4.9,2.3,4.5,build_systems,5_to_10_hrs,intermediate,cs_degree,quality_adversarial,systems_security,cybersecurity
2.7,4.4,2.0,4.0,3.5,4.0,4.9,2.2,4.7,build_systems,under_5_hrs,none,self_taught,quality_adversarial,technical_engineering,cybersecurity
3.4,4.6,2.0,4.8,2.7,3.4,4.8,2.8,4.5,protect_test,10_to_20_hrs,advanced,high_school,quality_adversarial,systems_security,cybersecurity
3.0,2.8,2.0,4.1,3.5,4.5,4.8,2.8,4.4,protect_test,20_plus_hrs,intermediate,cs_degree,quality_adversarial,systems_security,cybersecurity
2.0,4.0,1.2,5.0,3.3,4.1,4.8,2.7,5.0,protect_test,10_to_20_hrs,basics,cs_degree,systems_reliability,systems_security,cybersecurity
2.9,4.4,1.5,4.5,3.6,3.9,4.9,3.5,5.0,build_systems,5_to_10_hrs,basics,cs_degree,quality_adversarial,systems_security,cybersecurity
2.3,3.1,1.0,4.6,3.2,4.6,4.9,2.6,4.9,protect_test,20_plus_hrs,advanced,self_taught,systems_reliability,systems_security,cybersecurity
3.5,4.0,2.3,4.6,3.0,3.2,4.9,2.7,4.3,protect_test,under_5_hrs,none,non_cs_degree,quality_adversarial,technical_engineering,cybersecurity
3.6,3.7,1.0,4.2,2.7,4.1,5.0,2.2,4.4,protect_test,10_to_20_hrs,none,non_cs_degree,quality_adversarial,technical_engineering,cybersecurity
3.6,3.8,1.2,4.2,3.7,3.6,4.9,3.1,3.8,build_systems,5_to_10_hrs,basics,cs_degree,quality_adversarial,systems_security,cybersecurity
2.5,3.4,1.1,4.8,3.6,4.6,4.8,3.3,4.5,protect_test,under_5_hrs,basics,cs_degree,quality_adversarial,technical_engineering,cybersecurity
2.3,4.0,3.1,4.8,2.7,3.5,2.7,2.7,4.7,protect_test,5_to_10_hrs,basics,self_taught,quality_adversarial,technical_engineering,qa_automation
1.4,3.0,3.4,3.9,2.3,2.1,2.8,2.6,4.5,protect_test,under_5_hrs,advanced,non_cs_degree,quality_adversarial,balanced_generalist,qa_automation
2.7,4.0,3.1,4.1,3.5,3.0,2.9,3.4,4.6,build_user_facing,10_to_20_hrs,none,cs_degree,quality_adversarial,technical_engineering,qa_automation
2.6,3.6,3.2,3.8,3.2,3.2,3.7,2.7,4.8,protect_test,20_plus_hrs,none,self_taught,quality_adversarial,technical_engineering,qa_automation
2.7,3.4,3.0,4.3,2.9,3.2,2.4,2.8,4.7,protect_test,10_to_20_hrs,basics,non_cs_degree,quality_adversarial,systems_security,qa_automation
2.9,3.6,2.9,4.6,2.7,3.2,3.2,2.8,4.6,protect_test,5_to_10_hrs,advanced,self_taught,quality_adversarial,systems_security,qa_automation
1.7,4.0,3.6,4.5,3.2,2.5,3.2,2.9,5.0,protect_test,under_5_hrs,intermediate,self_taught,quality_adversarial,technical_engineering,qa_automation
1.6,3.3,3.3,4.5,3.1,2.8,3.5,1.6,4.7,protect_test,10_to_20_hrs,basics,cs_degree,quality_adversarial,systems_security,qa_automation
2.6,4.0,3.5,3.9,2.1,3.3,2.2,2.3,4.3,protect_test,5_to_10_hrs,intermediate,self_taught,visual_creative,balanced_generalist,qa_automation
2.8,3.8,2.9,4.4,3.0,2.6,2.8,1.5,5.0,protect_test,20_plus_hrs,none,high_school,quality_adversarial,balanced_generalist,qa_automation
1.4,3.9,3.1,5.0,2.3,3.4,3.4,2.2,4.8,protect_test,20_plus_hrs,intermediate,self_taught,visual_creative,technical_engineering,qa_automation
2.5,4.2,3.1,4.6,2.7,3.1,2.2,2.3,4.6,build_user_facing,under_5_hrs,intermediate,cs_degree,visual_creative,technical_engineering,qa_automation
2.7,4.1,2.9,4.3,1.6,2.9,2.9,2.5,4.6,protect_test,10_to_20_hrs,advanced,high_school,quality_adversarial,technical_engineering,qa_automation
3.0,3.4,3.1,4.3,3.5,2.3,2.9,1.8,4.7,protect_test,under_5_hrs,none,non_cs_degree,visual_creative,balanced_generalist,qa_automation
2.0,3.4,2.6,5.0,1.9,3.2,3.0,1.9,4.4,protect_test,20_plus_hrs,advanced,cs_degree,quality_adversarial,systems_security,qa_automation
2.5,4.6,3.1,4.6,2.1,3.6,3.6,1.8,4.8,build_user_facing,20_plus_hrs,intermediate,cs_degree,visual_creative,balanced_generalist,qa_automation
1.1,3.4,3.1,3.8,3.4,2.3,2.6,1.6,4.6,build_user_facing,10_to_20_hrs,advanced,self_taught,quality_adversarial,balanced_generalist,qa_automation
3.4,4.2,3.1,4.0,2.7,3.1,3.3,1.9,4.6,protect_test,10_to_20_hrs,advanced,non_cs_degree,visual_creative,systems_security,qa_automation
3.0,4.0,3.2,4.5,3.2,3.4,3.2,2.7,4.8,protect_test,5_to_10_hrs,advanced,high_school,quality_adversarial,systems_security,qa_automation
2.5,3.0,2.5,4.3,2.6,3.6,3.6,3.2,4.7,build_user_facing,under_5_hrs,basics,cs_degree,quality_adversarial,technical_engineering,qa_automation
1.7,4.9,2.9,3.9,2.7,2.8,3.7,2.2,4.7,build_user_facing,20_plus_hrs,basics,non_cs_degree,quality_adversarial,systems_security,qa_automation
1.4,4.3,3.6,4.7,2.3,3.6,3.8,2.6,5.0,protect_test,5_to_10_hrs,basics,non_cs_degree,visual_creative,technical_engineering,qa_automation
2.6,3.7,2.7,4.3,2.4,2.7,3.1,2.9,4.9,protect_test,under_5_hrs,intermediate,high_school,visual_creative,balanced_generalist,qa_automation
3.4,3.2,3.3,3.8,3.4,3.2,3.2,2.2,4.9,protect_test,20_plus_hrs,basics,cs_degree,quality_adversarial,technical_engineering,qa_automation
2.1,3.5,2.9,4.9,2.5,3.8,3.6,1.9,4.9,build_user_facing,10_to_20_hrs,none,self_taught,quality_adversarial,balanced_generalist,qa_automation
3.2,3.5,3.3,4.4,3.0,2.3,3.0,2.0,4.6,protect_test,10_to_20_hrs,none,non_cs_degree,quality_adversarial,balanced_generalist,qa_automation
2.8,4.5,3.8,3.7,1.8,4.0,4.1,1.8,4.8,protect_test,10_to_20_hrs,intermediate,non_cs_degree,quality_adversarial,balanced_generalist,qa_automation
2.9,4.5,2.9,4.1,2.3,3.1,2.9,2.5,4.7,protect_test,20_plus_hrs,basics,non_cs_degree,visual_creative,balanced_generalist,qa_automation
1.7,3.7,3.1,4.8,2.3,3.4,2.3,1.9,4.7,protect_test,5_to_10_hrs,none,non_cs_degree,visual_creative,technical_engineering,qa_automation
2.9,3.6,3.2,4.1,2.5,4.0,3.5,2.8,4.6,build_user_facing,under_5_hrs,basics,non_cs_degree,visual_creative,technical_engineering,qa_automation
2.2,3.7,2.6,3.7,2.8,2.9,3.7,2.6,4.6,protect_test,under_5_hrs,intermediate,self_taught,quality_adversarial,technical_engineering,qa_automation
1.7,4.2,3.3,4.8,3.1,3.3,2.8,2.1,4.7,build_user_facing,under_5_hrs,none,high_school,quality_adversarial,balanced_generalist,qa_automation
1.8,3.9,3.7,4.2,2.7,2.8,3.4,2.6,4.9,protect_test,10_to_20_hrs,basics,self_taught,visual_creative,systems_security,qa_automation
2.8,4.0,3.1,4.7,2.7,2.1,2.8,2.3,4.7,build_user_facing,under_5_hrs,intermediate,cs_degree,quality_adversarial,balanced_generalist,qa_automation
2.1,4.3,2.4,4.5,2.0,3.5,3.1,2.3,4.9,build_user_facing,5_to_10_hrs,intermediate,cs_degree,visual_creative,balanced_generalist,qa_automation
2.6,4.6,3.4,4.7,2.3,2.7,3.4,1.4,4.8,build_user_facing,5_to_10_hrs,none,cs_degree,visual_creative,balanced_generalist,qa_automation
2.7,3.7,2.9,4.0,2.3,2.6,2.4,3.0,4.8,protect_test,under_5_hrs,advanced,cs_degree,quality_adversarial,systems_security,qa_automation
2.5,3.8,3.5,4.5,2.4,2.7,2.9,2.7,4.8,build_user_facing,10_to_20_hrs,basics,high_school,visual_creative,balanced_generalist,qa_automation
2.5,3.9,3.1,4.2,2.0,2.6,3.6,1.9,4.8,protect_test,10_to_20_hrs,basics,non_cs_degree,quality_adversarial,systems_security,qa_automation
2.4,3.8,2.6,4.8,2.5,3.4,2.8,2.5,4.6,protect_test,10_to_20_hrs,advanced,non_cs_degree,quality_adversarial,technical_engineering,qa_automation
2.0,4.5,3.2,4.6,1.0,3.2,2.9,2.5,4.8,build_user_facing,20_plus_hrs,none,self_taught,quality_adversarial,systems_security,qa_automation
2.5,3.9,2.5,4.1,2.2,2.4,3.6,1.7,4.8,protect_test,under_5_hrs,basics,non_cs_degree,quality_adversarial,balanced_generalist,qa_automation
2.7,4.0,3.5,4.3,2.0,3.0,3.3,1.3,4.8,protect_test,under_5_hrs,intermediate,high_school,quality_adversarial,technical_engineering,qa_automation
1.7,4.2,2.7,4.4,2.7,3.4,3.0,2.2,4.9,protect_test,10_to_20_hrs,none,high_school,visual_creative,technical_engineering,qa_automation
2.6,4.3,2.7,4.1,2.3,3.3,3.2,2.7,4.6,protect_test,5_to_10_hrs,basics,cs_degree,quality_adversarial,technical_engineering,qa_automation
1.8,3.6,2.9,3.9,1.9,3.1,2.9,3.4,4.7,protect_test,10_to_20_hrs,intermediate,cs_degree,quality_adversarial,balanced_generalist,qa_automation
2.7,3.4,2.9,4.2,3.2,2.7,3.2,2.8,4.8,build_user_facing,under_5_hrs,none,high_school,visual_creative,systems_security,qa_automation
2.5,3.5,3.8,4.1,1.7,2.8,4.0,2.2,4.6,protect_test,under_5_hrs,basics,high_school,quality_adversarial,technical_engineering,qa_automation
2.0,4.1,2.9,4.1,2.7,3.5,2.2,2.1,4.9,protect_test,5_to_10_hrs,intermediate,high_school,quality_adversarial,technical_engineering,qa_automation
2.3,3.7,2.8,4.0,3.8,3.4,2.8,1.6,4.6,protect_test,20_plus_hrs,advanced,non_cs_degree,quality_adversarial,balanced_generalist,qa_automation
3.8,2.7,2.9,4.7,3.0,2.7,3.5,1.2,4.6,protect_test,under_5_hrs,intermediate,cs_degree,quality_adversarial,systems_security,qa_automation
2.1,2.8,3.1,4.6,3.4,3.6,3.1,2.1,4.7,protect_test,5_to_10_hrs,basics,cs_degree,quality_adversarial,systems_security,qa_automation
2.4,3.8,2.7,4.0,2.9,3.1,3.6,1.8,5.0,protect_test,5_to_10_hrs,basics,cs_degree,quality_adversarial,technical_engineering,qa_automation
2.7,4.4,2.8,3.9,3.0,3.9,2.7,1.8,4.8,build_user_facing,20_plus_hrs,none,non_cs_degree,quality_adversarial,technical_engineering,qa_automation
2.3,4.8,2.8,4.1,2.4,2.7,3.4,1.9,4.6,build_user_facing,10_to_20_hrs,intermediate,non_cs_degree,quality_adversarial,technical_engineering,qa_automation
2.4,3.7,3.5,4.2,2.1,3.3,2.8,1.6,4.8,build_user_facing,5_to_10_hrs,advanced,cs_degree,quality_adversarial,systems_security,qa_automation
3.0,4.7,3.0,4.9,3.2,2.6,3.1,2.6,4.6,protect_test,5_to_10_hrs,intermediate,non_cs_degree,quality_adversarial,technical_engineering,qa_automation
3.4,3.9,2.1,4.2,2.2,2.9,2.9,2.4,4.7,build_user_facing,under_5_hrs,none,high_school,quality_adversarial,technical_engineering,qa_automation
2.3,4.2,3.4,4.2,3.6,2.9,2.9,2.1,4.8,build_user_facing,5_to_10_hrs,basics,cs_degree,quality_adversarial,balanced_generalist,qa_automation
2.9,3.7,2.9,3.9,3.7,3.0,3.0,2.6,4.8,protect_test,10_to_20_hrs,basics,non_cs_degree,quality_adversarial,systems_security,qa_automation
2.3,3.4,2.8,4.2,3.0,3.1,3.2,1.7,5.0,build_user_facing,10_to_20_hrs,basics,high_school,visual_creative,systems_security,qa_automation
1.9,4.6,4.4,3.2,2.7,3.4,3.2,2.8,4.6,protect_test,5_to_10_hrs,none,high_school,quality_adversarial,systems_security,qa_automation
3.7,4.2,3.4,3.9,2.4,3.0,3.3,2.2,4.6,protect_test,under_5_hrs,none,non_cs_degree,visual_creative,balanced_generalist,qa_automation
1.7,3.6,3.3,4.6,2.1,3.2,3.1,1.4,4.9,protect_test,5_to_10_hrs,basics,high_school,visual_creative,systems_security,qa_automation
1.8,4.1,3.2,4.6,3.7,3.0,3.1,2.9,4.5,protect_test,10_to_20_hrs,advanced,self_taught,visual_creative,technical_engineering,qa_automation
3.0,4.1,2.9,4.1,2.9,3.7,2.9,2.1,4.4,protect_test,20_plus_hrs,advanced,non_cs_degree,quality_adversarial,technical_engineering,qa_automation
3.1,4.1,3.1,4.4,2.9,2.7,3.1,2.3,4.4,protect_test,under_5_hrs,intermediate,cs_degree,quality_adversarial,balanced_generalist,qa_automation
1.9,4.2,3.6,4.3,3.4,2.7,3.4,2.2,4.6,build_user_facing,5_to_10_hrs,advanced,non_cs_degree,quality_adversarial,technical_engineering,qa_automation
3.0,2.8,3.0,4.2,2.1,3.4,2.7,3.0,4.6,build_user_facing,5_to_10_hrs,advanced,high_school,quality_adversarial,systems_security,qa_automation
2.2,3.9,3.2,4.3,2.6,2.6,3.6,3.4,4.7,protect_test,20_plus_hrs,basics,non_cs_degree,quality_adversarial,balanced_generalist,qa_automation
2.6,4.0,3.4,4.4,2.8,2.9,3.0,2.1,4.5,protect_test,5_to_10_hrs,basics,cs_degree,quality_adversarial,systems_security,qa_automation
2.8,3.7,3.0,4.4,2.7,3.8,3.6,2.7,4.3,build_user_facing,20_plus_hrs,advanced,self_taught,quality_adversarial,balanced_generalist,qa_automation
3.5,3.8,3.1,3.9,2.7,3.5,3.5,2.6,4.4,protect_test,10_to_20_hrs,basics,high_school,quality_adversarial,balanced_generalist,qa_automation
2.9,3.3,2.8,3.9,1.9,2.9,3.5,1.7,4.8,build_user_facing,10_to_20_hrs,advanced,cs_degree,quality_adversarial,systems_security,qa_automation
2.9,4.1,3.0,4.4,3.5,3.2,2.3,3.1,4.8,protect_test,20_plus_hrs,none,cs_degree,quality_adversarial,systems_security,qa_automation
3.0,3.9,3.0,4.4,3.0,3.4,2.5,2.0,4.7,protect_test,20_plus_hrs,advanced,self_taught,visual_creative,balanced_generalist,qa_automation
1.6,3.5,3.2,3.7,2.5,2.9,3.1,2.4,5.0,protect_test,under_5_hrs,none,self_taught,visual_creative,systems_security,qa_automation
2.3,4.1,3.3,4.0,3.0,3.5,3.6,1.7,4.9,protect_test,10_to_20_hrs,none,cs_degree,quality_adversarial,balanced_generalist,qa_automation
1.6,4.4,2.8,4.0,2.9,3.9,3.3,2.3,4.4,build_user_facing,20_plus_hrs,intermediate,self_taught,quality_adversarial,technical_engineering,qa_automation
2.9,4.0,2.6,4.5,2.6,2.6,3.8,1.9,4.9,protect_test,under_5_hrs,none,self_taught,visual_creative,systems_security,qa_automation
2.1,3.8,3.4,4.2,2.6,2.3,3.4,2.1,4.9,protect_test,under_5_hrs,basics,cs_degree,quality_adversarial,balanced_generalist,qa_automation
2.8,3.9,3.0,5.0,2.5,2.8,3.4,1.6,4.7,build_user_facing,10_to_20_hrs,none,non_cs_degree,visual_creative,balanced_generalist,qa_automation
2.8,4.1,3.4,4.5,2.9,2.9,2.7,1.4,4.9,protect_test,under_5_hrs,intermediate,cs_degree,quality_adversarial,systems_security,qa_automation
2.1,3.9,2.7,4.2,2.4,2.7,3.3,2.0,4.8,protect_test,10_to_20_hrs,basics,high_school,quality_adversarial,systems_security,qa_automation
2.6,3.8,4.3,3.9,3.3,3.1,3.2,2.8,4.8,protect_test,10_to_20_hrs,basics,self_taught,quality_adversarial,systems_security,qa_automation
3.4,4.0,2.8,4.0,2.4,3.7,2.4,1.9,4.9,protect_test,5_to_10_hrs,advanced,cs_degree,visual_creative,balanced_generalist,qa_automation
2.8,3.6,3.4,4.3,2.6,3.6,3.7,1.5,4.7,protect_test,10_to_20_hrs,basics,self_taught,quality_adversarial,technical_engineering,qa_automation
2.8,3.4,3.1,4.5,4.0,2.7,3.4,2.9,4.7,protect_test,under_5_hrs,advanced,cs_degree,quality_adversarial,technical_engineering,qa_automation
3.8,3.7,2.5,4.4,2.8,3.1,2.8,2.3,4.4,build_user_facing,20_plus_hrs,none,non_cs_degree,quality_adversarial,systems_security,qa_automation
2.9,3.4,3.1,4.8,2.3,3.8,3.0,2.5,4.9,protect_test,5_to_10_hrs,advanced,high_school,quality_adversarial,balanced_generalist,qa_automation
3.0,4.6,3.0,4.5,2.4,3.5,3.4,1.4,4.7,build_user_facing,10_to_20_hrs,basics,self_taught,visual_creative,systems_security,qa_automation
2.1,4.7,3.3,4.8,2.3,3.6,3.6,2.7,4.5,protect_test,under_5_hrs,advanced,self_taught,quality_adversarial,technical_engineering,qa_automation
2.7,3.2,3.3,4.2,2.9,3.0,3.0,2.3,4.7,protect_test,10_to_20_hrs,none,non_cs_degree,quality_adversarial,balanced_generalist,qa_automation
2.3,4.3,3.4,4.5,1.6,2.8,3.1,3.2,4.7,build_user_facing,under_5_hrs,basics,self_taught,quality_adversarial,systems_security,qa_automation
3.1,3.5,3.3,3.7,2.0,3.1,3.5,1.7,5.0,protect_test,under_5_hrs,none,self_taught,quality_adversarial,technical_engineering,qa_automation
2.6,3.8,3.5,4.3,3.4,3.6,2.6,3.1,4.8,build_user_facing,5_to_10_hrs,none,self_taught,visual_creative,technical_engineering,qa_automation
3.6,3.4,2.9,4.0,2.7,3.3,3.1,2.1,4.7,protect_test,5_to_10_hrs,intermediate,non_cs_degree,quality_adversarial,balanced_generalist,qa_automation
2.5,4.0,3.5,4.6,2.6,2.7,2.6,2.2,4.9,build_user_facing,5_to_10_hrs,intermediate,non_cs_degree,visual_creative,balanced_generalist,qa_automation
3.1,3.5,3.4,3.9,2.2,3.1,3.0,2.4,4.9,build_user_facing,under_5_hrs,advanced,high_school,quality_adversarial,systems_security,qa_automation
1.7,4.0,4.0,4.1,3.6,2.7,3.9,1.8,4.8,build_user_facing,20_plus_hrs,advanced,non_cs_degree,quality_adversarial,technical_engineering,qa_automation
2.8,4.0,3.5,4.1,2.4,3.5,3.5,2.1,4.8,protect_test,20_plus_hrs,advanced,self_taught,quality_adversarial,systems_security,qa_automation
2.3,3.3,3.4,4.2,2.6,3.6,3.3,2.2,4.9,protect_test,5_to_10_hrs,advanced,self_taught,visual_creative,balanced_generalist,qa_automation
2.6,2.7,2.5,4.5,3.4,3.4,2.5,1.7,4.6,build_user_facing,20_plus_hrs,basics,non_cs_degree,quality_adversarial,systems_security,qa_automation
3.3,3.2,3.7,4.6,2.2,3.0,2.8,1.9,4.9,build_user_facing,10_to_20_hrs,basics,cs_degree,quality_adversarial,balanced_generalist,qa_automation
3.7,4.1,2.6,4.3,3.4,3.5,3.7,2.1,4.7,protect_test,under_5_hrs,intermediate,high_school,visual_creative,technical_engineering,qa_automation
3.0,3.9,3.1,4.4,3.1,3.5,3.3,2.3,4.6,build_user_facing,10_to_20_hrs,advanced,non_cs_degree,quality_adversarial,balanced_generalist,qa_automation
3.3,4.2,3.6,4.3,3.1,3.5,3.9,2.7,4.6,protect_test,5_to_10_hrs,none,self_taught,quality_adversarial,technical_engineering,qa_automation
1.9,4.1,4.1,4.5,3.3,3.2,3.1,2.7,4.7,protect_test,20_plus_hrs,advanced,non_cs_degree,quality_adversarial,systems_security,qa_automation
1.5,4.0,3.6,4.4,2.1,3.8,3.1,2.5,4.6,protect_test,20_plus_hrs,basics,self_taught,quality_adversarial,technical_engineering,qa_automation
2.6,3.6,3.2,5.0,2.6,2.9,2.6,2.2,4.7,protect_test,under_5_hrs,intermediate,cs_degree,quality_adversarial,technical_engineering,qa_automation
3.1,3.0,2.7,4.8,1.8,3.9,3.5,2.6,4.8,protect_test,under_5_hrs,basics,non_cs_degree,visual_creative,balanced_generalist,qa_automation
3.2,4.0,2.9,3.8,2.5,2.9,3.1,3.7,4.9,protect_test,10_to_20_hrs,none,non_cs_degree,quality_adversarial,technical_engineering,qa_automation
1.6,4.0,3.0,4.7,3.5,3.6,3.4,2.9,4.6,build_user_facing,5_to_10_hrs,advanced,non_cs_degree,quality_adversarial,balanced_generalist,qa_automation
2.5,3.8,2.8,3.8,2.9,3.3,3.8,2.6,4.5,build_user_facing,20_plus_hrs,intermediate,non_cs_degree,visual_creative,systems_security,qa_automation
2.5,3.5,3.5,4.7,3.7,2.8,2.5,2.6,5.0,protect_test,20_plus_hrs,intermediate,self_taught,quality_adversarial,balanced_generalist,qa_automation
1.9,3.0,3.1,4.2,2.0,2.5,2.6,3.3,4.9,protect_test,under_5_hrs,basics,cs_degree,quality_adversarial,systems_security,qa_automation
3.0,3.6,2.8,4.9,3.2,3.3,3.3,2.8,5.0,protect_test,10_to_20_hrs,intermediate,non_cs_degree,quality_adversarial,technical_engineering,qa_automation
2.9,3.7,2.6,4.5,2.5,3.2,4.3,1.5,4.5,protect_test,5_to_10_hrs,intermediate,cs_degree,visual_creative,technical_engineering,qa_automation
1.8,3.9,2.5,4.0,2.7,3.4,3.7,2.2,4.8,protect_test,20_plus_hrs,advanced,non_cs_degree,quality_adversarial,technical_engineering,qa_automation
2.7,3.9,3.0,4.3,3.2,2.9,3.0,2.5,5.0,build_user_facing,10_to_20_hrs,advanced,non_cs_degree,quality_adversarial,technical_engineering,qa_automation
4.2,4.4,3.4,3.9,2.3,3.1,3.2,1.7,4.8,protect_test,20_plus_hrs,advanced,non_cs_degree,visual_creative,technical_engineering,qa_automation
1.7,3.8,3.0,4.4,2.4,3.8,3.2,2.2,4.8,protect_test,20_plus_hrs,intermediate,high_school,quality_adversarial,technical_engineering,qa_automation
2.6,3.8,2.9,4.1,1.9,3.3,3.4,2.5,4.9,protect_test,20_plus_hrs,intermediate,high_school,visual_creative,technical_engineering,qa_automation
1.4,3.7,3.3,4.9,3.2,3.9,3.3,3.3,5.0,protect_test,5_to_10_hrs,basics,cs_degree,quality_adversarial,systems_security,qa_automation
3.7,3.9,3.3,4.7,2.8,2.9,3.1,1.4,4.9,protect_test,10_to_20_hrs,none,high_school,visual_creative,balanced_generalist,qa_automation
4.4,4.1,2.6,4.2,2.0,3.4,2.4,2.0,4.4,build_user_facing,10_to_20_hrs,none,cs_degree,quality_adversarial,balanced_generalist,qa_automation
1.5,4.0,2.8,4.5,3.2,2.7,2.7,2.1,4.8,protect_test,20_plus_hrs,intermediate,self_taught,quality_adversarial,technical_engineering,qa_automation
3.6,3.2,2.9,4.4,3.2,3.5,3.3,2.4,4.9,protect_test,10_to_20_hrs,intermediate,self_taught,visual_creative,balanced_generalist,qa_automation
2.2,4.4,3.0,4.1,2.7,3.7,3.0,2.5,4.8,protect_test,10_to_20_hrs,advanced,self_taught,quality_adversarial,technical_engineering,qa_automation
1.3,4.5,3.1,4.5,3.2,3.0,4.0,1.4,4.7,protect_test,20_plus_hrs,basics,self_taught,quality_adversarial,balanced_generalist,qa_automation
2.9,4.0,2.4,3.8,2.8,2.8,3.7,2.9,4.7,protect_test,5_to_10_hrs,none,high_school,quality_adversarial,balanced_generalist,qa_automation
2.5,3.8,2.4,5.0,2.7,3.1,3.4,2.1,4.7,build_user_facing,20_plus_hrs,intermediate,high_school,quality_adversarial,technical_engineering,qa_automation
3.5,3.5,3.4,4.1,2.1,3.6,3.0,2.8,4.7,protect_test,under_5_hrs,advanced,cs_degree,quality_adversarial,balanced_generalist,qa_automation
2.0,3.3,2.9,4.7,3.1,3.2,2.8,2.3,4.7,protect_test,under_5_hrs,none,high_school,quality_adversarial,systems_security,qa_automation
1.7,3.8,3.6,4.4,2.7,2.9,3.2,2.1,4.8,build_user_facing,10_to_20_hrs,intermediate,non_cs_degree,visual_creative,systems_security,qa_automation
3.1,4.2,2.6,4.0,3.2,2.9,3.2,1.4,4.9,protect_test,20_plus_hrs,basics,high_school,quality_adversarial,balanced_generalist,qa_automation
2.9,4.5,2.5,4.6,3.5,2.9,2.9,2.5,4.7,protect_test,5_to_10_hrs,advanced,non_cs_degree,quality_adversarial,balanced_generalist,qa_automation
1.9,3.8,2.7,4.2,3.1,3.4,2.7,2.3,4.7,protect_test,5_to_10_hrs,basics,self_taught,visual_creative,systems_security,qa_automation
2.7,3.3,3.4,4.5,2.3,3.4,3.7,2.1,5.0,protect_test,under_5_hrs,intermediate,non_cs_degree,visual_creative,systems_security,qa_automation
1.6,3.8,3.3,4.4,2.9,3.7,2.5,2.3,4.8,build_user_facing,5_to_10_hrs,intermediate,cs_degree,quality_adversarial,systems_security,qa_automation
3.1,4.1,3.1,5.0,2.3,3.5,3.0,2.7,4.8,protect_test,10_to_20_hrs,basics,high_school,quality_adversarial,technical_engineering,qa_automation
2.9,4.7,3.0,3.9,2.7,2.6,3.5,2.2,5.0,build_user_facing,5_to_10_hrs,none,high_school,quality_adversarial,systems_security,qa_automation
2.4,3.8,2.5,4.8,2.5,3.0,3.6,2.9,4.4,protect_test,20_plus_hrs,none,cs_degree,quality_adversarial,technical_engineering,qa_automation
3.3,4.0,3.2,4.1,2.9,2.7,3.3,1.8,5.0,build_user_facing,10_to_20_hrs,none,high_school,quality_adversarial,systems_security,qa_automation
2.5,4.5,2.7,4.5,3.0,3.1,2.5,3.0,4.6,protect_test,20_plus_hrs,intermediate,cs_degree,quality_adversarial,systems_security,qa_automation
3.1,3.3,3.4,4.0,3.5,3.7,2.7,2.2,4.6,build_user_facing,5_to_10_hrs,basics,self_taught,quality_adversarial,balanced_generalist,qa_automation
2.2,4.2,2.9,4.0,2.7,3.6,3.2,2.3,4.9,protect_test,5_to_10_hrs,advanced,self_taught,quality_adversarial,systems_security,qa_automation
2.9,3.9,2.5,3.9,3.0,3.6,2.8,2.0,5.0,build_user_facing,10_to_20_hrs,none,non_cs_degree,quality_adversarial,balanced_generalist,qa_automation
2.1,3.2,3.2,3.7,3.4,2.9,3.2,3.1,4.9,protect_test,10_to_20_hrs,basics,cs_degree,quality_adversarial,balanced_generalist,qa_automation
1.9,4.2,3.2,4.4,3.4,3.4,3.4,2.1,5.0,protect_test,20_plus_hrs,advanced,non_cs_degree,quality_adversarial,balanced_generalist,qa_automation
3.0,3.5,3.3,4.0,2.0,3.0,3.9,2.5,4.6,protect_test,10_to_20_hrs,basics,cs_degree,quality_adversarial,systems_security,qa_automation
2.1,4.2,3.9,4.1,2.7,3.5,2.8,1.4,4.4,protect_test,under_5_hrs,none,high_school,quality_adversarial,balanced_generalist,qa_automation
2.6,3.9,2.7,4.7,2.9,2.9,2.6,2.1,4.4,protect_test,5_to_10_hrs,intermediate,cs_degree,quality_adversarial,systems_security,qa_automation
1.1,4.1,3.2,5.0,2.6,3.7,3.4,1.6,4.7,protect_test,under_5_hrs,none,high_school,quality_adversarial,systems_security,qa_automation
2.2,3.9,3.9,3.6,2.5,3.4,2.9,1.7,4.6,protect_test,under_5_hrs,none,self_taught,visual_creative,systems_security,qa_automation
2.7,4.2,3.1,4.4,2.0,3.1,3.0,2.1,4.5,protect_test,10_to_20_hrs,none,high_school,quality_adversarial,systems_security,qa_automation
1.9,4.6,3.2,4.6,3.9,3.9,2.9,2.2,4.7,build_user_facing,20_plus_hrs,none,cs_degree,quality_adversarial,systems_security,qa_automation
3.4,3.8,2.1,4.2,2.5,3.6,3.1,1.8,4.6,build_user_facing,5_to_10_hrs,advanced,high_school,quality_adversarial,technical_engineering,qa_automation
2.8,4.2,3.2,4.3,2.1,3.1,3.0,1.4,4.7,build_user_facing,5_to_10_hrs,advanced,cs_degree,visual_creative,systems_security,qa_automation
2.6,4.1,2.9,3.8,1.9,2.9,2.1,3.0,4.5,protect_test,under_5_hrs,none,cs_degree,quality_adversarial,systems_security,qa_automation
1.6,2.5,4.9,3.3,1.9,1.4,1.3,2.4,2.3,build_user_facing,20_plus_hrs,none,self_taught,data_investigative,balanced_generalist,ui_ux
1.3,2.1,4.9,3.5,2.4,1.3,1.2,2.2,2.8,build_user_facing,10_to_20_hrs,none,high_school,visual_creative,balanced_generalist,ui_ux
2.2,2.2,4.9,3.7,4.0,2.0,1.1,2.2,2.5,build_user_facing,20_plus_hrs,none,non_cs_degree,visual_creative,creative_visual,ui_ux
1.4,2.0,4.9,4.2,2.0,1.5,1.2,3.5,2.5,analyze_data,20_plus_hrs,none,self_taught,visual_creative,balanced_generalist,ui_ux
2.0,1.4,4.9,3.5,2.9,1.4,1.4,3.4,3.6,build_user_facing,10_to_20_hrs,basics,cs_degree,data_investigative,balanced_generalist,ui_ux
2.3,1.3,4.9,3.7,3.4,1.6,1.2,2.0,2.9,build_user_facing,20_plus_hrs,none,non_cs_degree,data_investigative,creative_visual,ui_ux
2.0,1.5,5.0,2.7,3.1,1.7,1.6,2.8,2.5,build_user_facing,20_plus_hrs,basics,cs_degree,visual_creative,balanced_generalist,ui_ux
1.4,1.4,4.9,3.6,3.2,1.9,1.0,2.6,2.8,analyze_data,under_5_hrs,basics,self_taught,data_investigative,creative_visual,ui_ux
1.0,1.5,4.8,3.8,2.3,1.8,1.1,2.4,3.8,build_user_facing,under_5_hrs,intermediate,self_taught,visual_creative,balanced_generalist,ui_ux
2.8,2.7,4.9,3.2,3.4,1.3,1.1,2.3,3.5,build_user_facing,5_to_10_hrs,basics,high_school,visual_creative,creative_visual,ui_ux
1.6,1.5,4.9,3.5,2.0,1.4,1.4,3.3,3.8,build_user_facing,10_to_20_hrs,basics,non_cs_degree,visual_creative,creative_visual,ui_ux
1.7,2.0,5.0,3.4,2.4,1.4,1.3,2.5,2.7,analyze_data,5_to_10_hrs,basics,self_taught,visual_creative,creative_visual,ui_ux
2.2,2.8,4.9,3.9,2.1,2.4,1.5,2.1,2.4,build_user_facing,under_5_hrs,none,non_cs_degree,visual_creative,balanced_generalist,ui_ux
1.1,2.5,4.9,4.0,2.3,1.4,1.5,1.5,2.0,build_user_facing,under_5_hrs,intermediate,non_cs_degree,data_investigative,balanced_generalist,ui_ux
2.5,2.2,4.9,3.0,2.9,1.8,1.0,1.9,2.2,analyze_data,under_5_hrs,none,self_taught,visual_creative,creative_visual,ui_ux
1.7,2.1,4.8,3.0,2.8,1.8,1.6,2.4,3.1,build_user_facing,20_plus_hrs,intermediate,cs_degree,data_investigative,creative_visual,ui_ux
1.0,2.3,4.8,4.4,2.9,1.1,1.4,2.4,2.4,build_user_facing,under_5_hrs,basics,high_school,visual_creative,creative_visual,ui_ux
1.8,2.6,4.9,3.5,3.2,1.8,1.7,2.5,2.3,build_user_facing,20_plus_hrs,basics,non_cs_degree,visual_creative,creative_visual,ui_ux
1.1,1.6,4.8,4.0,3.6,1.0,1.7,2.2,2.4,analyze_data,10_to_20_hrs,intermediate,self_taught,visual_creative,creative_visual,ui_ux
1.0,2.5,5.0,3.2,3.3,1.4,1.4,3.3,3.0,analyze_data,10_to_20_hrs,advanced,self_taught,visual_creative,balanced_generalist,ui_ux
1.7,1.5,4.9,3.1,3.0,1.5,1.3,2.9,2.0,build_user_facing,20_plus_hrs,basics,high_school,data_investigative,creative_visual,ui_ux
1.9,1.6,4.8,2.9,3.2,1.9,1.3,1.5,3.2,build_user_facing,20_plus_hrs,none,cs_degree,data_investigative,creative_visual,ui_ux
2.4,2.1,5.0,3.8,3.0,1.6,1.8,1.8,4.1,build_user_facing,5_to_10_hrs,basics,high_school,visual_creative,balanced_generalist,ui_ux
2.8,2.5,4.9,4.0,3.0,2.0,2.1,2.4,2.9,build_user_facing,under_5_hrs,advanced,self_taught,visual_creative,creative_visual,ui_ux
1.9,1.8,4.9,3.5,2.6,2.0,1.5,2.8,3.1,build_user_facing,20_plus_hrs,basics,self_taught,visual_creative,creative_visual,ui_ux
1.8,2.9,4.9,3.8,2.2,1.1,1.6,1.8,3.0,build_user_facing,5_to_10_hrs,intermediate,non_cs_degree,data_investigative,creative_visual,ui_ux
1.6,2.1,4.8,3.4,3.1,1.6,1.6,2.1,3.0,build_user_facing,5_to_10_hrs,advanced,non_cs_degree,visual_creative,creative_visual,ui_ux
2.2,1.3,4.9,3.1,3.2,1.9,1.5,2.4,2.5,build_user_facing,20_plus_hrs,advanced,cs_degree,visual_creative,balanced_generalist,ui_ux
1.5,1.6,4.9,3.2,2.8,1.1,1.9,2.7,2.5,build_user_facing,10_to_20_hrs,none,high_school,visual_creative,creative_visual,ui_ux
2.2,1.4,4.8,3.4,2.5,1.6,2.0,2.9,3.4,build_user_facing,10_to_20_hrs,intermediate,cs_degree,visual_creative,creative_visual,ui_ux
1.0,1.9,4.8,4.1,2.3,1.4,1.9,2.4,2.9,build_user_facing,under_5_hrs,advanced,high_school,visual_creative,creative_visual,ui_ux
2.0,2.1,4.9,3.9,2.4,2.0,1.9,1.7,1.6,build_user_facing,5_to_10_hrs,basics,self_taught,data_investigative,balanced_generalist,ui_ux
1.4,1.1,5.0,3.6,2.7,1.4,1.8,2.4,3.0,build_user_facing,10_to_20_hrs,advanced,cs_degree,visual_creative,balanced_generalist,ui_ux
1.9,1.8,4.8,3.8,2.9,1.6,1.2,1.6,2.3,build_user_facing,20_plus_hrs,advanced,cs_degree,visual_creative,balanced_generalist,ui_ux
1.4,1.8,4.9,4.2,3.0,1.8,1.7,2.0,3.1,build_user_facing,20_plus_hrs,none,non_cs_degree,data_investigative,creative_visual,ui_ux
1.8,1.8,4.9,3.1,3.3,1.0,1.3,2.5,2.5,build_user_facing,under_5_hrs,none,cs_degree,visual_creative,creative_visual,ui_ux
1.4,1.0,4.9,3.2,2.0,1.0,1.8,2.6,2.6,analyze_data,10_to_20_hrs,intermediate,self_taught,visual_creative,balanced_generalist,ui_ux
1.7,2.5,4.8,3.4,3.2,2.1,1.0,2.1,3.2,build_user_facing,20_plus_hrs,none,self_taught,visual_creative,creative_visual,ui_ux
1.0,2.2,4.9,3.3,2.4,1.3,2.0,1.5,3.0,build_user_facing,5_to_10_hrs,basics,self_taught,visual_creative,creative_visual,ui_ux
1.4,1.7,4.9,3.6,2.5,1.4,1.3,2.5,3.5,build_user_facing,under_5_hrs,none,self_taught,data_investigative,creative_visual,ui_ux
1.7,3.1,4.9,3.8,3.5,1.5,1.4,2.3,2.6,analyze_data,10_to_20_hrs,advanced,non_cs_degree,visual_creative,creative_visual,ui_ux
2.5,1.7,4.8,3.5,3.4,1.5,1.2,2.9,2.7,build_user_facing,5_to_10_hrs,advanced,high_school,visual_creative,creative_visual,ui_ux
1.8,1.4,5.0,3.9,2.6,1.6,1.9,2.2,2.7,build_user_facing,20_plus_hrs,intermediate,self_taught,data_investigative,balanced_generalist,ui_ux
1.8,1.8,4.9,3.3,2.6,1.3,1.1,2.7,2.1,analyze_data,5_to_10_hrs,advanced,self_taught,data_investigative,creative_visual,ui_ux
1.5,1.3,4.8,3.6,3.5,1.5,1.4,3.9,2.4,build_user_facing,under_5_hrs,intermediate,non_cs_degree,visual_creative,creative_visual,ui_ux
1.3,1.9,4.8,3.8,2.4,1.6,1.3,2.0,2.6,analyze_data,10_to_20_hrs,intermediate,self_taught,data_investigative,creative_visual,ui_ux
1.7,1.0,5.0,3.0,2.1,1.0,1.3,2.1,2.4,analyze_data,10_to_20_hrs,basics,non_cs_degree,data_investigative,balanced_generalist,ui_ux
1.8,1.5,4.9,3.4,1.8,1.5,1.1,2.4,3.1,analyze_data,under_5_hrs,basics,self_taught,visual_creative,balanced_generalist,ui_ux
2.3,3.0,4.8,3.6,1.6,1.2,1.8,2.2,2.7,build_user_facing,20_plus_hrs,none,non_cs_degree,visual_creative,creative_visual,ui_ux
1.7,2.0,4.9,3.5,2.6,1.6,1.6,2.1,2.4,build_user_facing,5_to_10_hrs,none,cs_degree,visual_creative,balanced_generalist,ui_ux
2.1,2.1,4.9,3.9,1.8,1.3,1.3,2.9,3.4,build_user_facing,5_to_10_hrs,none,non_cs_degree,data_investigative,balanced_generalist,ui_ux
1.5,1.5,4.9,3.5,2.9,1.8,1.0,2.3,2.6,build_user_facing,10_to_20_hrs,advanced,cs_degree,visual_creative,balanced_generalist,ui_ux
1.6,1.0,5.0,3.8,1.9,1.3,1.7,2.4,2.7,analyze_data,10_to_20_hrs,basics,high_school,data_investigative,creative_visual,ui_ux
1.7,1.2,4.9,3.0,3.0,1.3,1.2,2.1,2.2,build_user_facing,10_to_20_hrs,basics,cs_degree,visual_creative,creative_visual,ui_ux
1.6,1.7,4.8,3.8,3.6,1.0,1.0,2.5,2.7,build_user_facing,under_5_hrs,intermediate,high_school,data_investigative,creative_visual,ui_ux
2.3,1.7,4.9,4.0,2.2,1.3,2.0,2.3,2.4,build_user_facing,5_to_10_hrs,basics,cs_degree,visual_creative,creative_visual,ui_ux
1.9,2.1,4.9,3.6,2.3,1.3,1.0,2.0,2.9,analyze_data,5_to_10_hrs,none,high_school,visual_creative,creative_visual,ui_ux
2.1,1.0,4.9,3.7,2.8,1.4,1.0,2.7,1.9,build_user_facing,20_plus_hrs,intermediate,self_taught,data_investigative,creative_visual,ui_ux
1.5,1.2,4.8,3.4,2.8,1.0,1.1,1.7,2.6,build_user_facing,10_to_20_hrs,advanced,high_school,visual_creative,creative_visual,ui_ux
2.1,2.0,4.9,3.7,2.4,1.0,2.1,1.9,3.6,build_user_facing,10_to_20_hrs,intermediate,cs_degree,data_investigative,creative_visual,ui_ux
1.5,3.2,4.8,3.5,1.8,1.8,1.2,1.6,2.4,analyze_data,5_to_10_hrs,intermediate,self_taught,visual_creative,balanced_generalist,ui_ux
2.0,1.4,5.0,3.1,3.4,1.8,1.5,2.7,3.1,build_user_facing,10_to_20_hrs,none,self_taught,data_investigative,creative_visual,ui_ux
1.6,2.3,4.8,3.7,2.6,1.4,1.0,1.4,3.5,build_user_facing,10_to_20_hrs,none,non_cs_degree,visual_creative,creative_visual,ui_ux
1.4,2.0,5.0,4.2,2.2,1.4,1.6,2.7,3.4,build_user_facing,20_plus_hrs,none,self_taught,visual_creative,balanced_generalist,ui_ux
1.9,2.0,4.7,4.0,3.9,1.6,1.7,2.0,2.6,analyze_data,10_to_20_hrs,advanced,high_school,visual_creative,balanced_generalist,ui_ux
1.1,3.0,4.9,3.3,2.9,1.0,1.8,2.4,2.8,build_user_facing,under_5_hrs,intermediate,self_taught,data_investigative,balanced_generalist,ui_ux
2.0,1.9,5.0,3.3,2.4,1.0,1.7,2.1,3.4,build_user_facing,20_plus_hrs,basics,non_cs_degree,data_investigative,creative_visual,ui_ux
2.0,1.7,4.9,3.3,2.7,2.2,1.8,1.8,3.4,build_user_facing,5_to_10_hrs,basics,non_cs_degree,data_investigative,balanced_generalist,ui_ux
1.7,3.1,5.0,3.4,3.6,1.4,1.6,3.2,2.7,build_user_facing,10_to_20_hrs,intermediate,non_cs_degree,data_investigative,balanced_generalist,ui_ux
1.1,2.4,4.8,3.4,2.9,1.1,1.0,2.8,2.6,analyze_data,under_5_hrs,advanced,self_taught,data_investigative,balanced_generalist,ui_ux
1.3,1.5,4.9,3.9,3.1,1.3,1.7,2.1,2.8,build_user_facing,10_to_20_hrs,none,high_school,visual_creative,creative_visual,ui_ux
2.0,1.2,4.8,2.9,2.9,1.6,1.6,1.5,2.1,build_user_facing,under_5_hrs,basics,high_school,data_investigative,creative_visual,ui_ux
1.5,3.7,4.8,3.9,2.7,1.1,1.5,1.9,2.7,build_user_facing,20_plus_hrs,none,self_taught,data_investigative,balanced_generalist,ui_ux
1.1,1.7,4.9,3.9,3.3,1.5,1.8,2.4,2.0,analyze_data,20_plus_hrs,advanced,non_cs_degree,data_investigative,creative_visual,ui_ux
3.0,3.7,4.9,3.3,2.7,1.4,1.6,2.1,2.6,build_user_facing,under_5_hrs,none,self_taught,visual_creative,balanced_generalist,ui_ux
1.8,1.8,4.9,4.0,2.1,1.2,1.2,1.4,2.0,analyze_data,5_to_10_hrs,none,high_school,data_investigative,creative_visual,ui_ux
1.6,1.6,4.9,2.9,1.8,1.2,1.4,2.3,1.3,analyze_data,under_5_hrs,basics,high_school,visual_creative,creative_visual,ui_ux
1.7,2.2,4.9,3.8,1.9,1.3,1.7,1.7,2.9,build_user_facing,20_plus_hrs,none,high_school,visual_creative,creative_visual,ui_ux
1.8,1.0,4.9,3.4,2.4,1.9,1.6,1.1,3.3,build_user_facing,5_to_10_hrs,none,self_taught,visual_creative,creative_visual,ui_ux
2.2,2.1,4.8,3.5,2.4,1.3,1.9,1.1,2.4,build_user_facing,10_to_20_hrs,intermediate,high_school,data_investigative,creative_visual,ui_ux
1.8,1.3,5.0,3.4,2.6,1.0,1.5,2.3,3.2,build_user_facing,5_to_10_hrs,advanced,high_school,visual_creative,balanced_generalist,ui_ux
1.2,2.0,4.9,4.0,1.8,1.2,1.2,2.6,1.6,build_user_facing,5_to_10_hrs,intermediate,high_school,visual_creative,creative_visual,ui_ux
1.0,2.5,4.8,3.4,3.4,1.2,1.6,2.7,3.2,build_user_facing,5_to_10_hrs,intermediate,high_school,data_investigative,balanced_generalist,ui_ux
2.0,1.5,4.9,3.7,2.6,1.3,1.4,2.0,4.1,build_user_facing,10_to_20_hrs,none,cs_degree,visual_creative,creative_visual,ui_ux
1.7,1.0,4.8,4.0,2.8,1.5,1.7,3.0,3.3,analyze_data,10_to_20_hrs,basics,cs_degree,data_investigative,balanced_generalist,ui_ux
1.4,2.9,4.9,3.0,2.2,1.0,1.4,2.2,2.4,build_user_facing,10_to_20_hrs,none,non_cs_degree,visual_creative,balanced_generalist,ui_ux
2.5,1.0,4.9,4.1,2.1,1.4,1.2,1.4,2.9,build_user_facing,under_5_hrs,none,self_taught,data_investigative,creative_visual,ui_ux
1.9,1.4,4.9,3.5,2.4,1.8,1.9,2.6,3.7,build_user_facing,20_plus_hrs,basics,cs_degree,data_investigative,balanced_generalist,ui_ux
2.4,2.4,4.9,3.0,4.2,1.8,1.7,1.7,1.5,analyze_data,20_plus_hrs,none,non_cs_degree,visual_creative,creative_visual,ui_ux
1.2,1.1,4.9,3.4,2.4,1.1,1.8,3.2,2.2,build_user_facing,20_plus_hrs,none,self_taught,visual_creative,balanced_generalist,ui_ux
1.4,1.1,4.9,3.8,2.7,1.3,1.1,2.4,2.8,build_user_facing,10_to_20_hrs,intermediate,cs_degree,visual_creative,balanced_generalist,ui_ux
1.2,1.0,5.0,3.9,2.8,1.4,1.7,2.5,3.0,analyze_data,5_to_10_hrs,intermediate,self_taught,visual_creative,creative_visual,ui_ux
1.3,2.4,4.8,3.4,2.9,1.8,1.2,1.9,3.2,build_user_facing,20_plus_hrs,basics,high_school,visual_creative,creative_visual,ui_ux
2.0,1.8,5.0,3.3,2.6,1.1,2.1,2.9,2.3,build_user_facing,10_to_20_hrs,none,high_school,data_investigative,creative_visual,ui_ux
1.3,2.5,4.9,3.8,2.5,1.8,1.0,2.3,2.6,build_user_facing,20_plus_hrs,intermediate,self_taught,visual_creative,creative_visual,ui_ux
2.4,2.2,5.0,3.0,3.0,2.1,1.5,3.1,3.4,build_user_facing,under_5_hrs,basics,self_taught,visual_creative,creative_visual,ui_ux
1.9,2.6,4.9,3.5,3.6,1.9,1.1,2.2,2.2,build_user_facing,under_5_hrs,advanced,non_cs_degree,visual_creative,balanced_generalist,ui_ux
1.1,2.3,4.8,3.6,2.7,1.3,1.5,2.5,2.3,analyze_data,under_5_hrs,intermediate,cs_degree,visual_creative,balanced_generalist,ui_ux
2.8,2.2,5.0,3.4,2.8,1.7,1.1,2.4,1.9,build_user_facing,20_plus_hrs,basics,non_cs_degree,visual_creative,creative_visual,ui_ux
2.7,1.6,4.9,2.9,2.3,1.6,1.0,2.1,3.5,build_user_facing,10_to_20_hrs,intermediate,high_school,visual_creative,creative_visual,ui_ux
1.8,2.6,5.0,3.8,3.6,1.3,1.7,2.7,1.9,analyze_data,20_plus_hrs,none,high_school,data_investigative,balanced_generalist,ui_ux
1.3,2.2,4.9,3.4,2.3,1.2,1.4,1.6,2.2,build_user_facing,under_5_hrs,none,cs_degree,visual_creative,creative_visual,ui_ux
1.7,1.1,4.9,3.5,3.4,1.7,1.1,2.5,2.7,build_user_facing,5_to_10_hrs,basics,cs_degree,visual_creative,creative_visual,ui_ux
1.0,2.5,4.9,3.3,3.8,1.9,1.5,2.6,2.3,build_user_facing,5_to_10_hrs,advanced,high_school,data_investigative,creative_visual,ui_ux
1.9,2.1,5.0,3.4,3.4,1.2,1.1,2.3,2.8,build_user_facing,20_plus_hrs,none,self_taught,visual_creative,balanced_generalist,ui_ux
2.4,2.0,4.7,3.4,2.9,1.7,1.7,2.2,3.3,build_user_facing,under_5_hrs,intermediate,cs_degree,visual_creative,creative_visual,ui_ux
2.9,2.2,4.8,4.0,2.6,1.6,1.3,2.2,2.8,build_user_facing,5_to_10_hrs,intermediate,self_taught,data_investigative,creative_visual,ui_ux
1.4,1.3,4.8,3.6,3.1,1.9,2.0,2.1,1.8,analyze_data,10_to_20_hrs,none,cs_degree,visual_creative,creative_visual,ui_ux
2.3,1.6,5.0,3.8,3.0,1.7,1.4,2.4,2.6,build_user_facing,10_to_20_hrs,basics,cs_degree,data_investigative,creative_visual,ui_ux
1.6,1.6,4.9,3.4,3.2,1.1,1.7,2.5,2.6,build_user_facing,under_5_hrs,basics,high_school,data_investigative,creative_visual,ui_ux
1.9,1.7,4.9,3.6,2.9,1.0,1.4,2.5,2.0,analyze_data,under_5_hrs,intermediate,non_cs_degree,visual_creative,balanced_generalist,ui_ux
2.8,1.0,4.9,3.8,2.8,1.3,1.7,2.9,2.9,build_user_facing,10_to_20_hrs,basics,non_cs_degree,visual_creative,balanced_generalist,ui_ux
1.0,2.5,4.8,3.6,2.3,1.5,1.8,1.7,2.4,build_user_facing,20_plus_hrs,intermediate,non_cs_degree,visual_creative,creative_visual,ui_ux
2.3,2.7,4.9,3.8,2.9,1.6,1.5,2.4,3.4,build_user_facing,20_plus_hrs,advanced,high_school,visual_creative,creative_visual,ui_ux
1.7,1.6,4.8,3.9,3.2,1.4,1.2,1.7,2.1,build_user_facing,under_5_hrs,advanced,cs_degree,visual_creative,creative_visual,ui_ux
2.1,2.8,4.9,3.6,2.9,1.9,1.1,3.1,2.4,build_user_facing,10_to_20_hrs,advanced,cs_degree,visual_creative,creative_visual,ui_ux
2.8,2.6,4.8,3.4,3.2,1.8,2.4,2.0,2.8,build_user_facing,10_to_20_hrs,basics,self_taught,data_investigative,creative_visual,ui_ux
1.0,1.8,4.9,3.3,3.2,1.6,1.4,2.0,2.8,build_user_facing,under_5_hrs,none,self_taught,visual_creative,creative_visual,ui_ux
1.9,2.2,4.8,4.0,3.8,1.9,1.2,1.5,2.5,build_user_facing,10_to_20_hrs,none,self_taught,data_investigative,balanced_generalist,ui_ux
2.1,2.0,4.9,3.3,2.4,1.4,1.7,1.5,2.9,analyze_data,under_5_hrs,intermediate,self_taught,data_investigative,balanced_generalist,ui_ux
1.6,1.7,4.8,3.8,3.5,1.0,1.9,2.4,2.1,build_user_facing,10_to_20_hrs,none,high_school,data_investigative,creative_visual,ui_ux
1.5,1.0,4.9,4.0,2.5,2.2,1.1,2.1,3.1,build_user_facing,10_to_20_hrs,basics,self_taught,visual_creative,creative_visual,ui_ux
1.5,1.0,4.9,2.8,3.8,1.6,1.0,3.0,2.3,build_user_facing,5_to_10_hrs,advanced,cs_degree,visual_creative,creative_visual,ui_ux
1.9,2.7,4.9,2.8,3.0,1.3,1.1,2.1,2.4,build_user_facing,10_to_20_hrs,basics,cs_degree,data_investigative,creative_visual,ui_ux
2.6,1.8,4.8,4.0,3.3,1.1,1.9,2.8,2.7,build_user_facing,5_to_10_hrs,none,non_cs_degree,visual_creative,creative_visual,ui_ux
2.4,2.1,4.9,3.4,2.8,1.6,1.6,2.4,2.6,build_user_facing,20_plus_hrs,advanced,non_cs_degree,data_investigative,creative_visual,ui_ux
1.9,1.6,4.9,4.5,3.4,1.9,1.5,2.8,2.7,build_user_facing,5_to_10_hrs,basics,non_cs_degree,visual_creative,creative_visual,ui_ux
1.2,1.2,4.9,4.1,2.8,1.7,1.8,2.8,3.1,analyze_data,under_5_hrs,none,self_taught,visual_creative,balanced_generalist,ui_ux
2.1,2.0,4.9,3.2,2.7,2.1,1.2,2.3,2.2,build_user_facing,10_to_20_hrs,basics,high_school,visual_creative,creative_visual,ui_ux
1.3,1.6,4.9,3.9,2.9,1.5,1.8,2.4,3.2,build_user_facing,10_to_20_hrs,intermediate,non_cs_degree,visual_creative,balanced_generalist,ui_ux
1.8,1.5,4.9,3.2,3.3,1.2,1.0,2.2,2.1,build_user_facing,under_5_hrs,intermediate,self_taught,visual_creative,balanced_generalist,ui_ux
2.3,1.5,5.0,3.3,2.3,1.7,1.9,2.2,3.0,analyze_data,5_to_10_hrs,none,cs_degree,data_investigative,balanced_generalist,ui_ux
1.1,2.5,5.0,3.7,3.1,2.3,1.7,1.7,2.5,analyze_data,10_to_20_hrs,basics,cs_degree,visual_creative,balanced_generalist,ui_ux
1.1,1.3,4.8,3.5,2.3,1.6,1.6,2.1,3.0,build_user_facing,under_5_hrs,advanced,self_taught,visual_creative,creative_visual,ui_ux
2.2,1.4,4.9,2.7,1.9,1.6,1.5,2.9,1.4,build_user_facing,5_to_10_hrs,advanced,high_school,data_investigative,balanced_generalist,ui_ux
1.5,2.5,4.9,3.9,3.8,1.5,1.8,2.9,2.5,analyze_data,20_plus_hrs,none,high_school,visual_creative,creative_visual,ui_ux
1.6,2.3,4.9,3.1,2.7,1.3,2.3,2.7,2.3,analyze_data,20_plus_hrs,none,high_school,data_investigative,creative_visual,ui_ux
2.2,2.0,5.0,3.2,2.1,1.4,1.0,2.2,3.4,analyze_data,under_5_hrs,none,high_school,visual_creative,balanced_generalist,ui_ux
1.9,1.1,4.8,3.5,3.0,1.2,1.6,3.5,3.5,build_user_facing,5_to_10_hrs,none,cs_degree,data_investigative,creative_visual,ui_ux
1.6,1.8,4.9,3.5,2.9,1.0,1.7,2.4,2.2,build_user_facing,5_to_10_hrs,intermediate,self_taught,visual_creative,creative_visual,ui_ux
1.8,1.8,4.9,3.7,3.0,1.1,1.3,2.0,2.3,build_user_facing,10_to_20_hrs,advanced,high_school,data_investigative,balanced_generalist,ui_ux
1.5,1.9,4.9,3.6,1.9,1.8,1.5,3.1,2.4,build_user_facing,20_plus_hrs,advanced,self_taught,visual_creative,creative_visual,ui_ux
2.8,2.4,4.9,3.9,2.7,1.4,1.0,2.4,3.1,build_user_facing,under_5_hrs,none,cs_degree,visual_creative,creative_visual,ui_ux
1.4,2.0,4.9,3.1,3.4,1.2,1.4,2.5,2.3,analyze_data,10_to_20_hrs,none,self_taught,data_investigative,creative_visual,ui_ux
1.6,1.9,5.0,4.1,2.9,1.1,1.4,1.2,3.0,build_user_facing,20_plus_hrs,none,cs_degree,data_investigative,creative_visual,ui_ux
2.7,1.8,4.8,3.1,2.6,1.2,1.0,2.2,2.5,build_user_facing,10_to_20_hrs,intermediate,non_cs_degree,data_investigative,creative_visual,ui_ux
2.6,2.5,4.8,3.6,3.2,1.5,1.3,2.2,2.9,analyze_data,20_plus_hrs,none,non_cs_degree,data_investigative,balanced_generalist,ui_ux
1.9,1.2,4.9,3.4,2.3,1.9,1.4,2.1,2.7,analyze_data,under_5_hrs,basics,cs_degree,visual_creative,creative_visual,ui_ux
2.1,2.4,4.9,3.6,2.6,1.6,1.4,2.0,2.7,analyze_data,10_to_20_hrs,advanced,non_cs_degree,data_investigative,creative_visual,ui_ux
1.6,2.7,5.0,3.5,2.9,1.0,1.1,2.8,2.5,build_user_facing,under_5_hrs,intermediate,self_taught,visual_creative,balanced_generalist,ui_ux
1.8,1.7,4.8,4.1,1.8,1.4,1.1,2.2,2.6,analyze_data,20_plus_hrs,basics,cs_degree,visual_creative,creative_visual,ui_ux
2.2,1.7,4.9,3.0,2.4,1.3,1.4,2.2,2.9,build_user_facing,10_to_20_hrs,intermediate,non_cs_degree,visual_creative,balanced_generalist,ui_ux
1.9,1.2,5.0,3.6,3.4,1.6,1.1,2.9,2.9,build_user_facing,10_to_20_hrs,advanced,high_school,data_investigative,creative_visual,ui_ux
1.5,1.7,4.9,3.8,2.7,1.2,1.5,2.6,2.2,build_user_facing,10_to_20_hrs,intermediate,cs_degree,data_investigative,creative_visual,ui_ux
1.3,1.2,4.9,4.1,2.7,1.2,2.0,1.9,1.8,build_user_facing,5_to_10_hrs,advanced,high_school,data_investigative,creative_visual,ui_ux
1.1,2.5,5.0,4.0,2.6,1.0,1.1,3.0,2.3,build_user_facing,10_to_20_hrs,none,cs_degree,data_investigative,creative_visual,ui_ux
1.9,1.6,5.0,4.2,2.9,1.9,1.5,1.7,2.6,analyze_data,under_5_hrs,basics,non_cs_degree,data_investigative,creative_visual,ui_ux
2.1,2.3,4.9,3.7,2.0,1.5,1.7,1.4,3.4,analyze_data,10_to_20_hrs,advanced,self_taught,visual_creative,balanced_generalist,ui_ux
1.2,1.7,4.9,3.5,2.9,1.2,1.6,1.8,2.3,build_user_facing,5_to_10_hrs,none,cs_degree,visual_creative,balanced_generalist,ui_ux
2.3,1.4,4.9,3.6,3.0,1.9,1.4,1.9,2.9,analyze_data,under_5_hrs,none,high_school,visual_creative,creative_visual,ui_ux
3.3,4.2,1.0,3.7,4.9,4.7,3.3,3.1,4.1,analyze_data,20_plus_hrs,none,self_taught,data_investigative,technical_engineering,data_engineer
3.8,4.6,1.7,4.2,5.0,4.9,2.7,3.9,4.2,build_systems,under_5_hrs,basics,high_school,logic_architecture,systems_security,data_engineer
4.0,4.8,1.0,4.5,5.0,4.8,3.1,2.4,4.4,build_systems,20_plus_hrs,none,self_taught,systems_reliability,analytical_data,data_engineer
2.7,4.4,1.4,4.9,4.9,4.7,3.1,3.9,4.1,build_systems,under_5_hrs,none,non_cs_degree,systems_reliability,systems_security,data_engineer
4.1,4.5,1.4,4.3,4.8,4.3,2.7,3.2,4.6,build_systems,20_plus_hrs,intermediate,cs_degree,systems_reliability,systems_security,data_engineer
3.9,4.5,1.4,4.6,4.8,4.0,2.8,3.9,4.1,build_systems,5_to_10_hrs,intermediate,self_taught,logic_architecture,technical_engineering,data_engineer
3.2,5.0,1.4,4.6,5.0,4.5,3.1,2.9,4.6,build_systems,20_plus_hrs,basics,self_taught,systems_reliability,technical_engineering,data_engineer
4.1,4.5,1.2,4.8,4.9,4.2,3.8,3.9,4.1,build_systems,5_to_10_hrs,basics,cs_degree,logic_architecture,analytical_data,data_engineer
3.6,4.7,1.3,4.3,5.0,4.3,3.0,3.3,4.4,analyze_data,5_to_10_hrs,advanced,high_school,data_investigative,analytical_data,data_engineer
3.5,4.8,1.0,5.0,4.8,4.2,3.5,2.8,4.2,analyze_data,under_5_hrs,none,cs_degree,systems_reliability,technical_engineering,data_engineer
3.4,4.7,1.8,4.7,5.0,4.8,3.0,3.4,4.7,build_systems,10_to_20_hrs,intermediate,self_taught,data_investigative,analytical_data,data_engineer
2.7,4.4,1.3,3.8,4.9,4.7,3.4,2.7,4.2,build_systems,under_5_hrs,none,self_taught,logic_architecture,analytical_data,data_engineer
3.3,4.5,1.0,4.4,4.9,4.3,3.1,2.6,4.2,build_systems,5_to_10_hrs,advanced,non_cs_degree,logic_architecture,technical_engineering,data_engineer
3.7,4.7,2.1,4.7,5.0,5.0,2.7,3.0,4.8,analyze_data,20_plus_hrs,intermediate,non_cs_degree,systems_reliability,systems_security,data_engineer
2.6,4.4,1.6,4.4,4.9,4.3,3.6,2.9,4.6,build_systems,5_to_10_hrs,intermediate,high_school,data_investigative,analytical_data,data_engineer
3.5,4.0,1.8,4.6,5.0,4.1,2.6,2.7,4.0,build_systems,under_5_hrs,intermediate,non_cs_degree,data_investigative,technical_engineering,data_engineer
3.6,5.0,1.8,5.0,4.9,4.3,3.4,3.4,5.0,build_systems,5_to_10_hrs,intermediate,self_taught,data_investigative,technical_engineering,data_engineer
4.2,4.0,1.7,4.5,4.8,4.2,2.9,3.4,4.4,analyze_data,5_to_10_hrs,none,self_taught,data_investigative,technical_engineering,data_engineer
4.0,4.7,1.5,4.5,5.0,3.9,2.9,3.3,4.3,analyze_data,10_to_20_hrs,intermediate,cs_degree,logic_architecture,technical_engineering,data_engineer
4.4,4.6,1.0,4.7,4.9,4.2,3.5,2.8,4.3,build_systems,10_to_20_hrs,intermediate,non_cs_degree,systems_reliability,technical_engineering,data_engineer
3.5,4.3,1.6,4.5,4.9,4.7,3.0,3.8,4.1,build_systems,10_to_20_hrs,none,non_cs_degree,systems_reliability,analytical_data,data_engineer
3.1,4.5,1.7,4.4,4.9,4.5,3.4,3.4,4.5,build_systems,5_to_10_hrs,basics,cs_degree,logic_architecture,technical_engineering,data_engineer
2.8,4.4,1.6,4.9,4.8,4.5,3.6,3.8,4.1,build_systems,20_plus_hrs,basics,cs_degree,logic_architecture,systems_security,data_engineer
3.9,4.5,1.5,4.4,5.0,4.5,2.6,3.5,4.1,build_systems,under_5_hrs,intermediate,self_taught,systems_reliability,analytical_data,data_engineer
4.0,4.1,1.0,4.7,4.9,4.7,3.6,2.3,3.8,build_systems,under_5_hrs,intermediate,high_school,systems_reliability,analytical_data,data_engineer
3.5,4.7,1.4,4.3,4.9,4.7,3.5,4.1,4.2,analyze_data,10_to_20_hrs,intermediate,high_school,data_investigative,analytical_data,data_engineer
4.6,4.6,1.0,4.6,5.0,4.8,3.9,3.6,4.5,build_systems,under_5_hrs,intermediate,non_cs_degree,logic_architecture,analytical_data,data_engineer
3.9,4.7,1.9,4.1,4.9,4.4,2.9,4.1,4.0,build_systems,under_5_hrs,none,non_cs_degree,systems_reliability,systems_security,data_engineer
3.0,3.8,1.9,4.8,4.9,5.0,2.8,2.3,4.5,build_systems,5_to_10_hrs,none,high_school,systems_reliability,analytical_data,data_engineer
3.8,4.6,1.8,4.4,4.8,4.4,2.6,2.6,5.0,analyze_data,20_plus_hrs,basics,self_taught,data_investigative,analytical_data,data_engineer
4.1,4.1,1.5,4.6,4.9,4.0,3.2,2.5,4.6,analyze_data,5_to_10_hrs,basics,self_taught,systems_reliability,technical_engineering,data_engineer
4.1,4.7,1.7,4.5,4.9,4.5,3.6,3.4,4.6,analyze_data,under_5_hrs,basics,self_taught,logic_architecture,technical_engineering,data_engineer
3.7,4.3,1.5,4.5,4.9,4.5,3.1,2.7,3.9,analyze_data,10_to_20_hrs,none,cs_degree,data_investigative,systems_security,data_engineer
4.3,4.9,2.0,4.9,4.9,4.3,3.1,3.5,4.6,analyze_data,5_to_10_hrs,advanced,self_taught,data_investigative,systems_security,data_engineer
3.4,4.0,1.0,4.6,5.0,4.4,3.4,2.6,4.6,build_systems,under_5_hrs,advanced,non_cs_degree,systems_reliability,analytical_data,data_engineer
3.5,4.2,1.1,4.5,4.9,4.2,2.5,3.2,4.3,build_systems,20_plus_hrs,advanced,cs_degree,logic_architecture,technical_engineering,data_engineer
3.9,4.4,1.9,4.1,4.9,4.6,3.4,2.8,4.4,build_systems,10_to_20_hrs,advanced,cs_degree,systems_reliability,systems_security,data_engineer
3.6,5.0,2.1,4.7,4.9,4.6,2.6,2.9,3.8,build_systems,under_5_hrs,intermediate,non_cs_degree,logic_architecture,systems_security,data_engineer
3.4,4.4,1.7,4.8,5.0,4.3,3.5,3.9,4.1,build_systems,5_to_10_hrs,intermediate,self_taught,data_investigative,technical_engineering,data_engineer
3.5,4.6,1.6,4.9,4.9,4.2,3.4,3.3,4.4,build_systems,5_to_10_hrs,intermediate,non_cs_degree,data_investigative,technical_engineering,data_engineer
3.5,4.1,1.7,4.9,4.9,4.8,3.3,2.6,4.2,build_systems,20_plus_hrs,basics,high_school,data_investigative,technical_engineering,data_engineer
2.9,4.2,1.2,4.3,4.9,4.8,2.5,2.9,3.4,build_systems,under_5_hrs,advanced,non_cs_degree,logic_architecture,systems_security,data_engineer
3.7,4.2,1.8,4.4,4.9,4.8,3.1,3.4,4.5,build_systems,10_to_20_hrs,none,high_school,data_investigative,analytical_data,data_engineer
3.8,4.5,2.2,4.6,4.9,4.2,3.2,4.4,5.0,analyze_data,under_5_hrs,none,cs_degree,logic_architecture,systems_security,data_engineer
3.2,4.8,1.6,4.3,5.0,4.2,2.9,2.6,4.2,build_systems,20_plus_hrs,advanced,self_taught,data_investigative,technical_engineering,data_engineer
3.6,4.6,1.1,4.6,4.9,4.1,3.2,3.9,3.9,build_systems,5_to_10_hrs,basics,high_school,logic_architecture,analytical_data,data_engineer
3.9,4.7,1.3,4.9,4.9,4.3,2.9,3.5,4.4,build_systems,5_to_10_hrs,basics,non_cs_degree,systems_reliability,technical_engineering,data_engineer
3.6,4.9,1.9,4.5,5.0,4.3,3.4,2.8,4.7,build_systems,5_to_10_hrs,advanced,high_school,data_investigative,analytical_data,data_engineer
4.0,4.4,1.8,4.3,4.9,4.3,2.9,2.4,4.6,build_systems,under_5_hrs,intermediate,self_taught,systems_reliability,systems_security,data_engineer
3.0,5.0,1.7,4.8,4.9,4.6,3.3,2.9,4.6,build_systems,5_to_10_hrs,advanced,cs_degree,data_investigative,technical_engineering,data_engineer
3.9,4.6,1.7,4.6,4.9,4.7,3.0,2.0,4.8,build_systems,5_to_10_hrs,none,self_taught,logic_architecture,technical_engineering,data_engineer
3.7,4.1,1.6,4.5,4.9,4.0,2.8,4.2,3.9,build_systems,under_5_hrs,advanced,non_cs_degree,logic_architecture,systems_security,data_engineer
4.1,5.0,1.2,4.5,5.0,5.0,3.4,3.4,4.6,build_systems,20_plus_hrs,basics,cs_degree,data_investigative,technical_engineering,data_engineer
3.4,4.7,1.3,5.0,5.0,4.4,2.9,3.8,3.7,build_systems,5_to_10_hrs,basics,cs_degree,logic_architecture,technical_engineering,data_engineer
3.4,4.6,2.0,4.5,4.9,5.0,3.0,2.9,4.8,build_systems,under_5_hrs,advanced,cs_degree,data_investigative,analytical_data,data_engineer
3.5,4.4,1.7,5.0,4.9,4.5,2.9,3.3,5.0,build_systems,5_to_10_hrs,none,non_cs_degree,data_investigative,systems_security,data_engineer
3.5,4.4,1.1,4.4,4.8,4.2,3.3,2.0,4.2,analyze_data,under_5_hrs,advanced,high_school,data_investigative,analytical_data,data_engineer
4.6,4.7,1.4,4.3,4.8,5.0,2.9,2.7,4.4,build_systems,20_plus_hrs,intermediate,non_cs_degree,systems_reliability,analytical_data,data_engineer
5.0,4.8,1.6,4.7,4.9,4.4,3.2,2.4,4.5,build_systems,10_to_20_hrs,basics,cs_degree,systems_reliability,technical_engineering,data_engineer
4.1,4.1,1.2,4.8,4.9,4.6,3.0,2.6,4.9,build_systems,under_5_hrs,intermediate,cs_degree,data_investigative,analytical_data,data_engineer
4.3,3.9,1.0,4.5,4.8,5.0,2.9,3.1,4.4,build_systems,5_to_10_hrs,advanced,non_cs_degree,data_investigative,systems_security,data_engineer
3.6,4.5,1.2,4.2,4.9,5.0,3.5,3.0,4.6,analyze_data,10_to_20_hrs,advanced,self_taught,logic_architecture,systems_security,data_engineer
4.4,4.6,1.9,5.0,4.7,4.7,1.9,2.8,4.3,build_systems,10_to_20_hrs,advanced,non_cs_degree,logic_architecture,systems_security,data_engineer
3.7,4.5,1.4,5.0,4.9,4.4,3.4,3.2,3.9,analyze_data,5_to_10_hrs,intermediate,self_taught,systems_reliability,systems_security,data_engineer
4.9,4.9,1.9,4.2,4.9,4.1,3.3,3.2,4.3,analyze_data,under_5_hrs,advanced,self_taught,logic_architecture,systems_security,data_engineer
4.0,4.6,1.6,4.2,4.9,4.2,3.1,3.2,4.0,analyze_data,10_to_20_hrs,advanced,self_taught,data_investigative,technical_engineering,data_engineer
3.7,3.9,1.4,4.1,4.9,3.9,3.2,2.8,3.7,build_systems,20_plus_hrs,none,cs_degree,data_investigative,analytical_data,data_engineer
3.8,4.7,1.8,4.3,4.8,5.0,2.8,3.4,3.7,build_systems,10_to_20_hrs,basics,non_cs_degree,data_investigative,analytical_data,data_engineer
3.9,4.8,1.5,4.8,4.9,4.4,3.2,4.2,4.4,analyze_data,20_plus_hrs,intermediate,high_school,data_investigative,technical_engineering,data_engineer
3.6,4.7,1.7,4.9,4.9,4.8,2.6,4.1,3.7,build_systems,under_5_hrs,basics,self_taught,data_investigative,analytical_data,data_engineer
4.1,4.6,1.4,4.5,5.0,4.6,3.0,3.2,4.2,analyze_data,under_5_hrs,intermediate,non_cs_degree,logic_architecture,technical_engineering,data_engineer
3.5,4.8,1.8,4.6,4.9,4.5,3.1,2.4,4.8,analyze_data,5_to_10_hrs,basics,self_taught,data_investigative,systems_security,data_engineer
3.9,4.4,1.8,4.9,5.0,4.6,2.7,3.4,4.6,build_systems,5_to_10_hrs,intermediate,cs_degree,logic_architecture,systems_security,data_engineer
2.8,3.8,1.3,4.4,4.9,5.0,3.3,3.3,4.7,build_systems,20_plus_hrs,advanced,non_cs_degree,data_investigative,technical_engineering,data_engineer
3.7,4.1,1.7,4.7,5.0,4.3,2.7,3.3,4.1,build_systems,10_to_20_hrs,intermediate,high_school,data_investigative,technical_engineering,data_engineer
4.1,4.8,1.7,4.5,4.9,4.3,3.7,2.8,4.6,build_systems,under_5_hrs,intermediate,cs_degree,logic_architecture,systems_security,data_engineer
3.3,4.2,1.8,4.6,4.9,4.9,2.2,3.5,3.5,build_systems,5_to_10_hrs,none,cs_degree,data_investigative,analytical_data,data_engineer
5.0,4.4,1.5,4.6,4.9,5.0,2.7,2.6,4.7,build_systems,under_5_hrs,advanced,high_school,systems_reliability,technical_engineering,data_engineer
4.3,4.4,1.9,4.9,4.9,4.6,2.9,2.8,3.9,analyze_data,under_5_hrs,basics,self_taught,logic_architecture,technical_engineering,data_engineer
3.9,4.1,1.0,4.6,4.9,4.7,2.9,2.0,4.1,build_systems,5_to_10_hrs,advanced,cs_degree,logic_architecture,analytical_data,data_engineer
3.6,4.5,1.4,4.3,5.0,4.5,2.9,3.6,4.0,analyze_data,under_5_hrs,basics,cs_degree,systems_reliability,systems_security,data_engineer
3.5,4.4,2.0,4.9,4.9,4.9,3.1,2.9,4.7,build_systems,10_to_20_hrs,intermediate,cs_degree,systems_reliability,systems_security,data_engineer
3.5,4.7,1.9,4.7,4.8,4.6,3.2,2.7,4.4,build_systems,under_5_hrs,intermediate,high_school,logic_architecture,analytical_data,data_engineer
4.0,4.6,1.8,4.9,4.9,4.6,2.6,2.6,4.3,build_systems,5_to_10_hrs,advanced,self_taught,logic_architecture,analytical_data,data_engineer
3.9,4.9,1.3,4.5,5.0,4.5,3.5,3.3,4.5,analyze_data,10_to_20_hrs,advanced,cs_degree,data_investigative,systems_security,data_engineer
2.7,4.2,1.3,4.1,4.8,4.1,3.4,3.1,5.0,analyze_data,20_plus_hrs,advanced,non_cs_degree,systems_reliability,analytical_data,data_engineer
3.8,4.3,1.4,4.6,5.0,4.3,3.2,3.3,4.7,analyze_data,20_plus_hrs,basics,cs_degree,logic_architecture,analytical_data,data_engineer
3.4,4.8,1.2,5.0,4.9,4.7,2.5,3.1,4.5,analyze_data,under_5_hrs,intermediate,self_taught,logic_architecture,technical_engineering,data_engineer
4.3,4.2,1.6,4.2,4.9,4.4,3.3,3.4,5.0,build_systems,under_5_hrs,intermediate,non_cs_degree,systems_reliability,technical_engineering,data_engineer
3.9,4.3,1.0,5.0,4.9,4.7,3.2,4.2,4.9,analyze_data,under_5_hrs,none,high_school,data_investigative,analytical_data,data_engineer
4.3,4.6,2.3,5.0,4.9,4.7,3.1,3.5,4.7,build_systems,under_5_hrs,basics,cs_degree,data_investigative,analytical_data,data_engineer
4.5,4.6,1.8,4.8,4.9,4.9,3.6,3.6,4.6,build_systems,10_to_20_hrs,intermediate,non_cs_degree,data_investigative,systems_security,data_engineer
4.4,4.8,1.8,4.7,4.9,4.2,3.1,3.0,3.8,build_systems,20_plus_hrs,advanced,cs_degree,data_investigative,systems_security,data_engineer
3.4,4.9,1.4,4.3,4.9,4.8,2.5,2.8,3.9,analyze_data,under_5_hrs,advanced,self_taught,systems_reliability,analytical_data,data_engineer
4.4,4.3,1.6,4.2,5.0,4.7,3.9,3.0,5.0,build_systems,under_5_hrs,basics,cs_degree,logic_architecture,technical_engineering,data_engineer
3.8,4.3,1.4,4.7,4.7,4.4,2.9,3.2,4.2,build_systems,under_5_hrs,none,high_school,systems_reliability,analytical_data,data_engineer
3.3,4.1,1.7,5.0,4.9,4.4,2.9,2.5,3.8,build_systems,5_to_10_hrs,basics,non_cs_degree,systems_reliability,analytical_data,data_engineer
3.1,5.0,1.1,4.6,5.0,5.0,2.6,3.2,4.6,build_systems,10_to_20_hrs,intermediate,self_taught,logic_architecture,analytical_data,data_engineer
4.1,4.8,1.6,4.4,4.9,4.4,3.6,3.6,3.8,build_systems,5_to_10_hrs,none,high_school,data_investigative,technical_engineering,data_engineer
4.6,4.2,1.7,4.5,4.9,4.6,3.1,2.8,4.5,build_systems,5_to_10_hrs,none,high_school,systems_reliability,systems_security,data_engineer
2.9,4.8,1.7,4.9,5.0,4.2,3.5,3.0,4.5,build_systems,20_plus_hrs,advanced,high_school,systems_reliability,technical_engineering,data_engineer
4.0,4.4,2.1,4.7,4.9,4.6,3.0,3.3,3.7,analyze_data,20_plus_hrs,basics,cs_degree,logic_architecture,systems_security,data_engineer
4.3,4.9,1.7,4.8,4.9,3.8,3.3,2.8,4.3,analyze_data,10_to_20_hrs,advanced,cs_degree,logic_architecture,systems_security,data_engineer
3.8,4.8,1.6,4.5,4.8,4.5,2.9,3.5,4.4,analyze_data,20_plus_hrs,basics,cs_degree,logic_architecture,technical_engineering,data_engineer
3.1,4.7,1.6,4.4,4.9,4.9,3.6,3.8,4.1,analyze_data,10_to_20_hrs,none,non_cs_degree,systems_reliability,technical_engineering,data_engineer
3.6,4.3,1.3,4.4,4.9,4.5,2.9,3.6,4.9,build_systems,10_to_20_hrs,advanced,self_taught,systems_reliability,technical_engineering,data_engineer
3.5,4.9,1.6,4.1,4.9,4.3,3.6,3.7,4.2,analyze_data,under_5_hrs,basics,self_taught,logic_architecture,technical_engineering,data_engineer
2.9,3.9,1.2,4.3,4.9,4.4,3.7,4.0,3.9,build_systems,10_to_20_hrs,intermediate,high_school,logic_architecture,technical_engineering,data_engineer
3.6,5.0,2.1,5.0,4.9,4.4,3.8,3.2,4.6,build_systems,20_plus_hrs,basics,cs_degree,logic_architecture,technical_engineering,data_engineer
4.8,4.7,1.1,4.9,4.9,4.4,3.3,3.7,4.3,analyze_data,under_5_hrs,basics,high_school,systems_reliability,analytical_data,data_engineer
3.3,4.8,1.6,4.6,4.9,4.6,3.3,3.5,4.5,analyze_data,under_5_hrs,advanced,non_cs_degree,logic_architecture,analytical_data,data_engineer
4.1,4.5,1.1,4.7,5.0,4.6,3.8,3.7,4.3,build_systems,5_to_10_hrs,advanced,non_cs_degree,logic_architecture,systems_security,data_engineer
4.8,3.9,1.4,4.8,4.9,4.4,3.0,3.8,4.0,build_systems,5_to_10_hrs,none,cs_degree,data_investigative,technical_engineering,data_engineer
3.2,5.0,1.4,4.5,4.9,4.4,3.2,3.6,4.7,analyze_data,10_to_20_hrs,intermediate,self_taught,data_investigative,systems_security,data_engineer
4.6,5.0,1.0,4.7,4.9,4.4,2.9,2.3,4.4,build_systems,20_plus_hrs,basics,cs_degree,systems_reliability,technical_engineering,data_engineer
3.6,4.3,1.8,4.7,4.8,4.9,2.6,2.6,4.5,build_systems,5_to_10_hrs,none,non_cs_degree,logic_architecture,technical_engineering,data_engineer
3.0,4.1,1.2,4.5,4.9,3.8,2.9,3.5,4.5,analyze_data,under_5_hrs,none,non_cs_degree,logic_architecture,technical_engineering,data_engineer
4.1,4.7,1.6,4.4,4.8,3.6,3.7,2.7,4.9,build_systems,under_5_hrs,intermediate,self_taught,logic_architecture,systems_security,data_engineer
4.0,5.0,1.5,4.2,4.9,4.0,3.2,3.6,4.3,analyze_data,5_to_10_hrs,none,non_cs_degree,data_investigative,technical_engineering,data_engineer
3.8,5.0,2.0,4.5,4.9,4.6,3.1,3.6,4.0,build_systems,10_to_20_hrs,advanced,cs_degree,logic_architecture,technical_engineering,data_engineer
3.1,4.2,1.2,4.5,4.9,4.1,2.7,3.2,5.0,analyze_data,20_plus_hrs,basics,cs_degree,systems_reliability,systems_security,data_engineer
2.6,4.6,1.5,5.0,4.9,3.8,2.7,4.5,4.1,analyze_data,10_to_20_hrs,none,cs_degree,systems_reliability,technical_engineering,data_engineer
4.2,4.6,1.4,4.1,4.9,4.2,2.5,3.6,4.5,analyze_data,5_to_10_hrs,none,non_cs_degree,data_investigative,technical_engineering,data_engineer
3.7,4.1,1.4,4.8,4.9,4.9,3.1,2.6,4.0,build_systems,10_to_20_hrs,none,non_cs_degree,systems_reliability,analytical_data,data_engineer
3.8,4.5,1.0,4.3,4.9,4.7,2.4,3.6,4.0,build_systems,under_5_hrs,basics,cs_degree,logic_architecture,analytical_data,data_engineer
3.6,4.5,1.3,4.3,4.9,4.3,3.2,3.1,4.5,build_systems,10_to_20_hrs,advanced,cs_degree,systems_reliability,systems_security,data_engineer
3.5,5.0,1.8,4.6,5.0,4.6,3.0,3.9,4.3,analyze_data,10_to_20_hrs,intermediate,non_cs_degree,logic_architecture,analytical_data,data_engineer
3.7,4.1,1.7,4.9,5.0,4.3,3.5,2.6,4.6,analyze_data,5_to_10_hrs,advanced,self_taught,data_investigative,technical_engineering,data_engineer
3.6,4.4,1.5,4.9,4.8,4.1,3.1,2.6,4.6,build_systems,under_5_hrs,basics,cs_degree,logic_architecture,analytical_data,data_engineer
4.2,4.2,1.2,4.8,5.0,4.1,3.2,3.2,3.9,build_systems,10_to_20_hrs,advanced,self_taught,logic_architecture,analytical_data,data_engineer
3.0,4.7,1.0,4.1,4.9,4.5,2.7,2.5,4.5,build_systems,20_plus_hrs,advanced,high_school,data_investigative,technical_engineering,data_engineer
3.4,4.7,1.4,4.2,5.0,4.1,3.2,3.2,4.2,build_systems,20_plus_hrs,none,cs_degree,systems_reliability,technical_engineering,data_engineer
3.1,4.2,2.0,4.6,4.9,5.0,3.2,3.9,4.4,build_systems,20_plus_hrs,intermediate,cs_degree,systems_reliability,analytical_data,data_engineer
3.7,4.5,1.5,4.6,4.9,4.2,3.7,3.1,4.5,build_systems,10_to_20_hrs,advanced,self_taught,logic_architecture,analytical_data,data_engineer
4.2,4.7,1.9,4.6,5.0,4.2,3.3,2.8,4.2,build_systems,10_to_20_hrs,basics,cs_degree,systems_reliability,analytical_data,data_engineer
3.8,4.0,1.0,4.7,4.8,5.0,3.3,2.5,4.7,analyze_data,under_5_hrs,intermediate,non_cs_degree,data_investigative,technical_engineering,data_engineer
3.7,4.4,1.4,4.8,5.0,4.8,3.4,3.3,4.2,build_systems,5_to_10_hrs,intermediate,self_taught,systems_reliability,systems_security,data_engineer
4.3,4.8,1.8,4.5,4.9,4.8,3.4,3.5,3.8,build_systems,20_plus_hrs,intermediate,self_taught,logic_architecture,systems_security,data_engineer
3.1,4.4,1.6,4.7,4.8,4.5,3.3,3.8,4.3,build_systems,10_to_20_hrs,basics,non_cs_degree,systems_reliability,systems_security,data_engineer
4.2,4.8,1.3,4.7,4.9,4.9,3.6,3.3,4.7,build_systems,10_to_20_hrs,none,non_cs_degree,logic_architecture,technical_engineering,data_engineer
4.0,5.0,1.6,4.5,4.9,4.6,3.2,2.8,4.1,build_systems,5_to_10_hrs,advanced,cs_degree,systems_reliability,technical_engineering,data_engineer
4.1,4.2,1.7,4.4,5.0,4.4,3.0,3.6,4.2,analyze_data,under_5_hrs,advanced,high_school,data_investigative,technical_engineering,data_engineer
3.9,4.2,1.3,4.8,4.9,4.2,3.1,3.5,5.0,build_systems,20_plus_hrs,intermediate,non_cs_degree,systems_reliability,analytical_data,data_engineer
4.5,3.6,1.3,4.2,4.8,4.2,3.3,3.4,3.9,analyze_data,20_plus_hrs,intermediate,non_cs_degree,data_investigative,technical_engineering,data_engineer
3.3,5.0,1.0,4.5,4.8,4.7,3.0,2.9,4.6,analyze_data,20_plus_hrs,basics,high_school,systems_reliability,technical_engineering,data_engineer
3.8,4.6,1.0,4.7,4.8,5.0,3.1,3.8,4.1,build_systems,10_to_20_hrs,none,cs_degree,data_investigative,analytical_data,data_engineer
4.0,3.8,1.3,4.3,4.9,4.3,2.9,2.6,4.3,analyze_data,5_to_10_hrs,basics,self_taught,logic_architecture,analytical_data,data_engineer
3.5,4.6,1.9,4.7,5.0,4.8,2.9,4.3,4.0,analyze_data,20_plus_hrs,intermediate,self_taught,data_investigative,technical_engineering,data_engineer
4.6,4.7,1.2,4.9,4.8,4.9,2.8,3.5,4.1,build_systems,5_to_10_hrs,intermediate,non_cs_degree,systems_reliability,analytical_data,data_engineer
2.9,4.6,1.1,4.5,4.9,4.2,2.9,4.5,4.0,analyze_data,10_to_20_hrs,advanced,high_school,logic_architecture,technical_engineering,data_engineer
3.1,4.3,1.9,4.6,5.0,4.3,2.9,3.1,4.4,build_systems,20_plus_hrs,basics,self_taught,logic_architecture,technical_engineering,data_engineer
3.6,4.2,1.5,4.7,5.0,4.4,2.9,2.8,4.2,analyze_data,20_plus_hrs,none,cs_degree,systems_reliability,analytical_data,data_engineer
4.4,4.6,1.5,4.5,4.9,4.6,3.7,3.0,4.9,analyze_data,under_5_hrs,basics,cs_degree,systems_reliability,analytical_data,data_engineer
2.9,4.5,1.5,4.6,5.0,4.0,3.9,2.8,4.9,analyze_data,20_plus_hrs,basics,high_school,systems_reliability,systems_security,data_engineer
3.5,4.7,1.8,4.5,5.0,4.6,2.7,3.2,4.5,build_systems,20_plus_hrs,basics,non_cs_degree,logic_architecture,technical_engineering,data_engineer
4.3,4.5,1.6,4.5,4.9,4.3,3.1,2.5,4.8,analyze_data,under_5_hrs,intermediate,cs_degree,logic_architecture,analytical_data,data_engineer
3.6,4.5,1.2,4.8,4.8,4.5,3.8,3.7,3.7,analyze_data,under_5_hrs,basics,self_taught,logic_architecture,systems_security,data_engineer
4.7,5.0,1.3,5.0,4.8,4.8,3.5,2.7,4.8,build_systems,10_to_20_hrs,none,self_taught,logic_architecture,analytical_data,data_engineer
4.5,4.6,2.2,4.3,4.9,5.0,3.9,4.3,4.7,analyze_data,5_to_10_hrs,none,non_cs_degree,logic_architecture,technical_engineering,data_engineer
5.0,4.8,1.7,4.5,4.9,4.4,3.3,3.6,3.5,analyze_data,20_plus_hrs,intermediate,high_school,data_investigative,analytical_data,data_engineer
